ID,m1,m2,m3,m4,m5,m6,m7,m8,m9,m10,m11,m12,m13,m14,m15,m16,m17,m18,m19,m20,m21,m22,m23,m24,m25,m26,m27,m28,m29,m30,m31,m32,m33,m34,m35,m36,m37,m38,m39,m40,m41,m42,m43,m44,m45,m46,m47,m48,m49,m50,m51,m52,m53,m54,m55,m56,m57,m58,m59,m60,m61,m62,m63,m64,m65,m66,m67,m68,m69,m70,m71,m72,m73,m74,m75,m76,m77,m78,m79,m80,m81,m82,m83,m84,m85,m86,m87,m88,m89,m90,m91,m92,m93,m94,m95,m96,m97,m98,m99,m100,m101,m102,m103,m104,m105,m106,m107,m108,m109,m110,m111,m112,m113,m114,m115,m116,m117,m118,m119,m120,m121,m122,m123,m124,m125,m126,m127,m128,m129,m130,m131,m132,m133,m134,m135,m136,m137,m138,m139,m140,m141,m142,m143,m144,m145,m146,m147,m148,m149,m150,m151,m152,m153,m154,m155,m156,m157,m158,m159,m160,m161,m162,m163,m164,m165,m166,m167,m168,m169,m170,m171,m172,m173,m174,m175,m176,m177,m178,m179,m180,m181,m182,m183,m184,m185,m186,m187,m188,m189,m190,m191,m192,m193,m194,m195,m196,m197,m198,m199,m200
1,2.0,2.0,2.0,1.0,1.0,2.0,1.0,1.0,1.0,2.0,1.0,0.0,2.0,2.0,0.0,0.0,2.0,0.0,2.0,1.0,0.0,2.0,0.0,0.0,2.0,2.0,1.0,1.0,2.0,1.0,2.0,0.0,0.0,0.0,0.0,1.0,1.0,2.0,2.0,1.0,0.0,0.0,1.0,0.0,2.0,2.0,2.0,0.0,2.0,2.0,2.0,0.0,0.0,2.0,2.0,0.0,0.0,2.0,2.0,1.0,0.0,0.0,0.0,1.0,0.0,1.0,0.0,0.0,1.0,2.0,0.0,1.0,0.0,0.0,2.0,1.0,1.0,1.0,2.0,0.0,0.0,0.0,0.0,2.0,0.0,2.0,1.0,1.0,0.0,1.0,0.0,1.0,2.0,0.0,0.0,1.0,1.0,0.0,0.0,1.0,1.0,2.0,1.0,1.0,1.0,2.0,2.0,2.0,0.0,1.0,1.0,2.0,0.0,1.0,2.0,1.0,0.0,2.0,2.0,0.0,2.0,2.0,2.0,0.0,2.0,0.0,1.0,1.0,2.0,1.0,1.0,0.0,0.0,2.0,1.0,0.0,2.0,1.0,0.0,0.0,2.0,1.0,0.0,1.0,1.0,0.0,0.0,2.0,1.0,1.0,0.0,2.0,2.0,1.0,2.0,2.0,0.0,1.0,0.0,2.0,1.0,2.0,1.0,1.0,1.0,2.0,1.0,0.0,0.0,0.0,2.0,1.0,1.0,2.0,2.0,1.0,1.0,2.0,2.0,0.0,1.0,1.0,0.0,0.0,2.0,2.0,0.0,2.0,1.0,2.0,0.0,1.0,2.0,2.0,0.0,0.0,0.0,1.0,1.0,0.0
2,0.49,2.0,2.0,1.0,1.35,1.0,1.0,1.0,1.0,2.0,1.0,1.0,2.0,1.0,0.0,0.0,1.0,0.0,2.0,1.0,0.0,2.0,1.0,0.0,2.0,1.0,0.0,2.0,2.0,1.0,2.0,1.0,1.0,0.0,0.0,2.0,1.0,2.0,1.0,2.0,0.0,0.0,0.0,0.0,0.0,2.0,2.0,0.0,2.0,0.0,2.0,0.0,1.0,2.0,0.0,0.0,2.0,2.0,2.0,1.0,1.0,0.0,0.0,1.0,1.0,1.0,0.0,0.0,0.0,1.0,2.0,1.0,1.0,0.0,1.0,1.0,1.0,0.0,2.0,0.0,1.0,1.0,0.0,1.0,1.0,2.0,2.0,0.0,1.0,0.0,0.0,1.0,2.0,0.0,0.0,0.0,2.0,1.0,1.0,1.0,2.0,1.0,1.0,1.0,1.0,2.0,2.0,1.0,1.0,1.0,1.0,1.0,0.0,1.0,2.0,1.0,1.0,2.0,0.0,0.0,1.0,2.0,1.0,0.0,2.0,0.0,1.0,0.0,2.0,2.0,0.0,1.0,0.0,1.0,1.0,1.0,2.0,1.0,0.0,0.0,2.0,0.0,1.0,1.0,2.0,0.0,0.0,0.0,1.0,0.0,0.0,2.0,2.0,2.0,2.0,1.0,1.0,1.0,1.0,2.0,2.0,1.0,2.0,1.57,1.0,2.0,0.0,2.0,0.0,0.0,2.0,2.0,1.0,0.0,1.0,2.0,1.0,1.0,2.0,1.0,2.0,0.0,0.0,0.0,2.0,2.0,0.0,1.0,0.0,1.0,1.0,2.0,2.0,1.0,0.0,1.0,0.0,1.0,1.0,1.0
3,2.0,1.0,2.0,2.0,1.0,1.0,0.0,1.0,0.0,2.0,1.0,2.0,2.0,2.0,1.0,1.0,2.0,0.0,2.0,1.0,0.0,2.0,0.0,0.0,2.0,2.0,1.0,1.0,1.0,1.0,2.0,1.0,2.0,0.0,0.0,2.0,0.0,2.0,1.0,1.0,0.0,0.0,2.0,0.0,1.0,1.0,2.0,1.0,2.0,1.0,1.0,0.0,2.0,1.0,1.0,0.0,0.0,2.0,1.0,1.0,1.0,0.0,1.0,0.0,1.0,1.0,2.0,1.0,1.0,2.0,1.0,1.0,2.0,0.0,2.0,1.0,2.0,0.0,2.0,0.0,1.0,0.0,0.0,0.0,0.0,2.0,2.0,1.0,2.0,1.0,0.0,0.0,1.0,0.0,1.0,1.0,1.0,2.0,0.0,1.0,2.0,1.0,1.0,1.0,0.0,1.0,2.0,2.0,1.0,1.0,2.0,1.0,0.0,2.0,2.0,1.0,0.0,2.0,1.0,0.0,2.0,2.0,2.0,0.0,2.0,0.0,2.0,0.0,2.0,2.0,0.0,2.0,0.0,1.0,1.0,2.0,2.0,2.0,0.0,1.0,2.0,0.0,2.0,1.0,1.0,1.0,2.0,1.0,0.0,2.0,0.0,0.0,1.0,1.0,2.0,1.0,1.0,1.0,1.0,2.0,2.0,2.0,1.0,2.0,2.0,2.0,0.0,2.0,0.0,1.0,2.0,2.0,1.0,0.0,2.0,2.0,2.0,0.0,1.0,0.0,1.0,0.0,0.0,1.0,2.0,2.0,0.0,1.0,0.0,1.0,1.0,1.0,2.0,2.0,0.0,1.0,1.0,1.0,1.0,0.0
4,1.0,2.0,2.0,2.0,2.0,1.0,0.0,1.0,2.0,2.0,1.0,0.0,1.0,0.0,0.0,0.0,2.0,0.0,2.0,1.0,0.0,2.0,2.0,1.0,2.0,0.0,2.0,2.0,2.0,1.0,2.0,2.0,0.0,1.0,1.0,1.0,1.0,2.0,2.0,0.0,0.0,0.0,0.0,0.0,0.0,1.0,2.0,2.0,2.0,0.0,1.0,2.0,1.0,0.0,1.0,0.0,0.0,2.0,0.0,0.0,1.0,2.0,0.0,1.0,1.0,1.0,1.0,1.0,2.0,2.0,0.0,0.0,0.0,0.0,1.0,2.0,2.0,2.0,0.0,0.0,1.0,2.0,0.0,1.0,0.0,1.0,0.0,0.0,0.0,1.0,0.0,1.0,1.0,0.0,0.0,2.0,2.0,0.0,0.0,1.0,2.0,2.0,0.0,1.0,0.0,1.0,2.0,0.0,2.0,1.0,0.0,1.0,0.0,2.0,2.0,0.0,0.0,2.0,0.0,0.0,1.0,2.0,0.0,0.0,2.0,0.0,0.0,1.0,0.0,2.0,0.0,0.0,1.0,0.0,1.0,0.0,2.0,1.0,1.0,2.0,1.0,1.0,2.0,2.0,1.0,0.0,1.0,1.0,0.0,0.0,0.0,1.0,2.0,0.0,2.0,2.0,0.0,2.0,2.0,2.0,1.0,0.0,0.0,2.0,0.0,2.0,0.0,0.0,0.0,0.0,2.0,2.0,0.0,1.0,0.0,2.0,0.0,0.0,2.0,0.0,2.0,1.0,0.0,2.0,2.0,2.0,0.0,2.0,2.0,1.0,0.0,0.0,2.0,2.0,0.0,1.0,2.0,2.0,1.0,0.0
5,0.0,2.0,1.0,2.0,1.0,1.0,1.0,1.0,1.0,2.0,1.0,1.0,1.0,1.0,0.0,1.0,2.0,0.0,2.0,0.0,0.0,2.0,1.0,0.0,1.0,2.0,1.0,1.0,2.0,0.0,2.0,2.0,0.0,1.0,0.0,1.0,2.0,2.0,2.0,0.0,0.0,0.0,1.0,0.0,1.0,1.0,2.0,2.0,2.0,1.0,1.0,1.0,0.0,1.0,1.0,0.0,0.0,2.0,0.0,0.0,1.0,1.0,0.0,1.0,0.0,1.0,1.0,0.0,2.0,2.0,0.0,1.0,0.0,0.0,0.0,2.0,1.0,2.0,1.0,0.0,0.0,2.0,0.0,2.0,0.0,1.0,2.0,1.0,0.0,1.0,0.0,1.0,1.0,0.0,0.0,1.0,2.0,0.0,1.0,1.0,2.0,2.0,0.0,2.0,0.0,1.0,0.0,0.0,1.0,0.0,2.0,0.0,2.0,2.0,2.0,0.0,0.0,2.0,0.0,0.0,2.0,2.0,2.0,0.0,1.0,0.0,1.0,1.0,0.0,2.0,0.0,0.0,1.0,1.0,1.0,0.0,2.0,1.0,1.0,0.0,1.0,2.0,2.0,2.0,1.0,0.0,2.0,0.0,0.0,0.0,0.0,2.0,2.0,0.0,2.0,0.0,0.0,1.0,1.0,1.0,1.0,2.0,0.0,2.0,1.0,2.0,0.0,0.0,1.0,0.0,2.0,0.0,0.0,0.0,0.0,2.0,1.0,1.0,2.0,0.0,1.0,1.0,0.0,0.0,2.0,2.0,0.0,2.0,0.0,1.0,0.0,0.0,2.0,2.0,0.0,0.0,1.0,2.0,2.0,1.0
6,0.0,2.0,0.0,2.0,2.0,0.0,0.0,1.0,1.0,2.0,1.0,2.0,2.0,0.63,0.0,2.0,2.0,0.0,2.0,2.0,0.0,0.0,2.0,0.0,1.0,2.0,1.0,2.0,2.0,1.0,2.0,2.0,0.0,0.0,0.0,2.0,2.0,2.0,1.0,0.0,0.0,0.0,1.0,0.0,0.0,2.0,2.0,0.0,1.0,0.0,1.0,0.0,1.0,0.0,0.0,1.0,0.0,2.0,1.0,0.0,1.0,0.0,0.0,2.0,2.0,0.0,1.0,0.0,0.0,2.0,0.0,2.0,1.0,0.0,1.0,1.0,0.0,2.0,2.0,0.0,0.0,1.0,0.0,0.0,0.0,2.0,2.0,1.0,1.0,1.0,0.0,1.0,1.0,0.0,0.0,1.0,2.0,0.0,0.0,1.0,2.0,1.0,0.0,2.0,0.0,1.0,1.0,0.0,1.0,0.0,1.0,1.0,0.0,2.0,2.0,0.0,0.0,2.0,2.0,0.0,2.0,2.0,2.0,0.0,1.0,0.0,2.0,1.0,2.0,2.0,0.0,1.0,0.0,0.0,2.0,0.0,1.0,2.0,0.0,2.0,1.0,2.0,2.0,1.0,1.0,0.0,1.0,1.0,0.0,2.0,0.0,0.0,1.0,0.0,2.0,1.0,1.0,2.0,2.0,2.0,1.0,1.0,0.0,2.0,2.0,2.0,0.0,2.0,1.0,0.0,2.0,1.0,0.0,0.0,2.0,2.0,1.0,1.0,2.0,0.0,1.0,2.0,0.0,0.0,2.0,2.0,0.0,1.0,1.0,2.0,0.0,0.0,2.0,2.0,0.0,1.0,2.0,2.0,0.0,0.0
7,0.0,1.0,2.0,2.0,2.0,1.0,0.0,0.0,0.0,2.0,0.0,1.0,2.0,2.0,0.0,0.0,1.0,0.0,2.0,2.0,0.0,1.0,2.0,2.0,2.0,2.0,0.0,2.0,2.0,2.0,2.0,1.0,2.0,0.0,0.0,2.0,1.0,2.0,2.0,0.0,0.0,0.0,0.0,0.0,0.54,1.0,0.0,1.0,0.0,1.0,0.0,0.0,2.0,1.0,1.0,0.0,1.0,2.0,0.0,0.0,1.0,0.0,0.0,0.0,1.0,2.0,1.0,0.0,2.0,2.0,1.0,1.0,1.0,0.0,2.0,2.0,0.0,0.0,2.0,0.0,2.0,1.0,0.0,0.0,0.0,2.0,1.0,1.0,1.0,0.0,0.0,0.0,2.0,0.0,0.0,1.0,2.0,0.0,0.0,1.0,2.0,1.0,0.0,1.0,1.0,0.0,2.0,1.0,0.0,0.0,1.0,1.0,1.0,2.0,2.0,1.0,0.0,2.0,0.0,0.0,1.0,1.0,1.0,0.0,2.0,0.0,2.0,0.0,0.0,2.0,1.0,1.0,0.0,1.0,1.0,0.0,2.0,1.0,0.0,1.0,0.0,1.0,2.0,2.0,0.0,0.0,2.0,2.0,0.0,1.0,0.0,2.0,2.0,0.0,2.0,0.0,1.0,0.0,0.0,1.0,1.0,1.0,0.0,2.0,1.0,2.0,0.0,1.0,1.0,0.0,2.0,0.0,0.0,1.0,2.0,2.0,2.0,0.0,2.0,0.0,0.0,2.0,0.0,0.0,2.0,1.0,0.0,2.0,2.0,1.0,1.0,2.0,2.0,2.0,0.0,0.0,1.0,2.0,1.0,0.0
8,0.0,1.0,2.0,2.0,0.77,1.0,1.0,0.0,0.0,2.0,0.0,1.0,2.0,1.0,1.0,0.0,2.0,0.0,2.0,0.0,0.0,1.0,1.0,1.0,2.0,2.0,0.0,2.0,2.0,1.0,2.0,1.0,2.0,0.0,0.0,2.0,2.0,2.0,0.0,1.0,1.0,0.0,1.0,0.0,0.0,1.0,1.0,1.0,1.0,0.0,2.0,0.0,1.0,1.0,2.0,2.0,1.0,1.0,2.0,0.0,2.0,0.0,0.0,1.0,1.0,1.0,1.0,0.0,1.0,2.0,0.0,1.0,0.0,0.0,1.0,2.0,2.0,0.0,2.0,0.0,2.0,0.0,0.0,1.0,0.0,2.0,2.0,1.0,0.0,0.0,0.0,0.0,2.0,1.0,0.0,1.0,2.0,0.0,0.0,1.0,2.0,1.0,1.0,0.0,0.0,2.0,2.0,1.0,1.0,1.0,1.0,1.0,0.0,2.0,2.0,1.0,0.0,2.0,1.0,2.0,1.0,1.0,1.0,0.0,2.0,0.0,2.0,0.0,1.0,2.0,1.0,0.0,0.0,1.0,2.0,2.0,2.0,2.0,0.0,1.0,1.0,0.0,1.0,0.0,0.0,0.0,0.0,1.0,0.0,1.0,0.0,2.0,2.0,1.0,2.0,1.0,0.0,1.0,2.0,2.0,2.0,1.0,0.0,2.0,2.0,2.0,0.0,0.0,0.0,1.0,1.0,0.0,1.0,0.0,2.0,1.0,2.0,0.0,1.0,1.0,1.0,0.0,0.0,1.0,2.0,2.0,0.0,1.0,1.0,2.0,0.0,1.0,2.0,1.0,0.0,1.0,1.0,2.0,1.0,0.0
9,0.0,2.0,2.0,0.0,1.0,0.0,0.0,0.0,0.0,2.0,0.0,2.0,2.0,2.0,1.0,2.0,2.0,0.0,2.0,2.0,0.0,1.0,1.0,2.0,2.0,2.0,0.0,2.0,0.0,0.0,2.0,2.0,2.0,0.0,1.0,1.0,1.0,2.0,2.0,0.0,1.0,1.0,1.0,0.0,0.0,2.0,2.0,1.0,0.0,0.0,2.0,0.0,2.0,0.0,1.0,1.0,1.0,1.0,0.0,0.0,1.0,0.0,0.0,0.0,0.0,0.0,0.0,1.0,0.0,2.0,1.0,1.0,2.0,0.0,0.0,2.0,1.0,0.0,2.0,0.0,2.0,0.0,0.0,0.0,0.0,1.0,2.0,1.0,2.0,1.0,1.0,0.0,2.0,0.0,1.0,1.0,2.0,0.0,0.0,1.0,2.0,2.0,1.0,1.0,0.0,2.0,2.0,1.0,0.0,0.0,0.0,2.0,1.0,0.0,2.0,2.0,0.0,2.0,1.0,1.0,1.0,1.0,1.0,0.0,2.0,0.0,1.0,0.0,2.0,2.0,2.0,2.0,0.0,2.0,0.0,1.0,2.0,1.0,1.0,1.0,1.0,0.0,1.0,1.0,0.0,0.0,1.0,0.0,1.0,0.0,0.0,1.0,2.0,2.0,1.0,0.0,0.0,0.0,0.0,1.0,2.0,0.0,0.0,2.0,2.0,2.0,1.0,1.0,0.0,0.0,2.0,0.0,2.0,1.0,2.0,2.0,2.0,0.0,2.0,1.0,1.0,2.0,0.0,0.0,2.0,1.0,0.0,2.0,1.0,1.0,1.0,1.0,2.0,1.0,0.0,0.0,0.0,2.0,1.0,1.0
10,0.0,1.0,2.0,2.0,1.0,1.0,2.0,0.0,0.0,1.0,0.0,0.0,2.0,2.0,0.0,0.0,2.0,0.0,2.0,1.0,0.0,1.0,2.0,2.0,2.0,2.0,1.0,2.0,1.0,0.0,1.0,1.0,2.0,0.0,0.0,2.0,2.0,2.0,1.0,2.0,0.0,0.0,1.0,0.0,1.0,1.0,2.0,0.0,1.0,1.0,2.0,0.0,2.0,2.0,1.0,0.0,0.0,1.0,1.0,0.0,0.0,1.0,2.0,0.0,1.0,2.0,2.0,0.0,2.0,1.0,1.0,0.0,1.0,0.0,0.0,2.0,1.0,0.0,2.0,1.0,2.0,2.0,0.0,0.0,1.0,2.0,2.0,1.0,1.0,1.0,0.0,0.0,2.0,0.0,1.0,0.0,2.0,1.0,2.0,1.0,2.0,2.0,1.0,2.0,0.0,2.0,2.0,2.0,0.0,1.0,1.0,2.0,0.0,2.0,2.0,2.0,0.0,1.0,0.0,0.0,2.0,2.0,0.0,0.0,2.0,0.0,1.0,0.0,2.0,2.0,1.0,1.0,0.0,1.0,1.0,2.0,2.0,2.0,0.0,1.0,0.0,0.0,2.0,0.0,0.0,1.0,1.0,1.0,0.0,1.0,0.0,2.0,2.0,0.0,2.0,0.0,0.0,0.0,1.0,1.0,0.0,0.0,0.0,2.0,2.0,2.0,0.0,0.0,1.0,0.0,1.0,1.0,0.0,1.0,2.0,1.0,1.0,1.0,1.0,0.0,1.0,0.0,0.0,2.0,2.0,2.0,0.0,2.0,2.0,0.0,1.0,0.0,2.0,2.0,0.0,1.0,1.0,2.0,2.0,1.0
11,0.0,2.0,2.0,2.0,0.0,1.0,1.0,0.0,2.0,0.0,0.0,0.0,2.0,2.0,0.0,1.0,2.0,0.0,2.0,2.0,0.0,2.0,2.0,0.0,2.0,2.0,0.0,2.0,1.0,1.0,1.0,0.0,0.0,0.0,0.0,2.0,1.0,2.0,1.0,0.0,0.0,1.0,0.0,0.0,1.0,2.0,2.0,0.0,2.0,1.0,2.0,0.0,1.0,2.0,1.0,0.0,0.0,1.0,2.0,0.0,1.0,0.0,1.0,2.0,2.0,1.0,1.0,0.0,0.0,2.0,1.0,0.0,1.0,0.0,2.0,2.0,0.0,1.0,2.0,0.0,2.0,0.0,0.0,0.0,0.0,1.0,2.0,0.0,1.0,0.0,0.0,0.0,1.0,0.0,1.0,0.0,2.0,0.0,0.0,1.0,2.0,1.0,1.0,2.0,0.0,2.0,2.0,1.0,2.0,0.0,0.0,0.0,0.0,2.0,2.0,1.0,0.0,2.0,0.0,0.0,0.0,2.0,1.0,0.0,2.0,1.0,1.0,1.0,2.0,2.0,0.0,1.0,0.0,2.0,2.0,0.0,2.0,2.0,1.0,1.0,1.0,2.0,1.0,2.0,1.0,0.0,1.0,2.0,1.0,2.0,0.0,2.0,2.0,1.0,2.0,1.0,1.0,1.0,2.0,2.0,1.0,1.0,0.0,2.0,0.0,2.0,1.0,0.0,1.0,0.0,2.0,0.0,0.0,1.0,1.0,2.0,1.0,2.0,2.0,0.0,0.0,1.0,0.0,1.0,2.0,1.0,0.0,0.0,2.0,0.0,0.0,1.0,2.0,2.0,0.0,1.0,0.0,2.0,2.0,0.0
12,1.0,2.0,2.0,2.0,2.0,0.0,1.0,2.0,0.0,2.0,1.0,1.0,2.0,2.0,0.0,0.0,2.0,0.0,2.0,2.0,0.0,2.0,2.0,1.0,2.0,1.0,2.0,1.77,2.0,1.0,2.0,1.0,1.0,0.0,0.0,1.0,2.0,2.0,2.0,0.0,0.0,0.0,0.0,0.0,2.0,0.0,1.0,1.0,1.0,2.0,2.0,0.0,2.0,2.0,1.0,2.0,2.0,2.0,0.0,1.0,2.0,0.0,0.0,0.0,1.0,1.0,1.0,0.0,0.0,1.0,2.0,2.0,0.0,0.0,1.0,0.0,2.0,0.0,2.0,1.0,0.0,0.0,0.0,0.0,1.0,2.0,2.0,1.0,0.0,2.0,0.0,0.0,2.0,0.0,1.0,1.0,2.0,1.0,0.0,0.0,2.0,0.0,1.0,1.0,0.0,2.0,1.0,1.0,1.0,0.0,2.0,0.0,0.0,2.0,2.0,2.0,0.0,2.0,0.0,0.0,1.0,2.0,0.0,0.0,2.0,0.0,0.0,0.0,1.0,1.0,0.0,0.0,0.0,1.0,2.0,2.0,1.0,2.0,0.0,1.0,2.0,0.0,2.0,2.0,2.0,0.0,2.0,1.0,0.0,2.0,0.0,2.0,2.0,1.0,1.0,0.0,0.0,1.0,2.0,2.0,1.0,0.0,1.0,1.0,0.0,2.0,0.0,0.0,1.0,0.0,2.0,0.0,1.0,1.0,0.0,2.0,2.0,1.0,0.0,0.0,1.0,1.0,0.0,2.0,2.0,1.0,0.0,1.0,2.0,1.0,0.0,2.0,2.0,1.0,0.0,1.0,2.0,2.0,1.0,0.0
13,1.0,1.0,2.0,2.0,1.0,1.0,0.0,0.0,0.0,2.0,1.0,0.0,1.0,0.0,0.0,1.0,2.0,0.0,2.0,1.0,0.0,2.0,2.0,0.0,2.0,2.0,0.0,2.0,1.0,0.0,2.0,2.0,1.0,2.0,0.0,2.0,0.0,2.0,1.0,0.0,0.0,0.0,1.0,0.0,0.0,2.0,2.0,1.0,1.0,0.0,1.0,2.0,1.0,0.0,1.0,1.0,0.0,1.0,0.0,0.0,1.0,2.0,1.0,1.0,1.0,0.0,0.0,0.0,2.0,2.0,0.0,1.0,0.0,0.0,0.0,2.0,1.0,1.0,1.0,0.0,1.0,0.0,1.0,1.0,0.0,0.0,1.0,0.0,0.0,1.0,0.0,0.0,2.0,0.0,0.0,2.0,1.0,0.0,0.0,1.0,1.0,2.0,0.0,1.0,1.0,1.0,2.0,0.0,2.0,1.0,1.0,1.0,0.0,2.0,2.0,0.0,0.0,2.0,1.0,1.0,2.0,2.0,2.0,0.0,2.0,0.0,1.0,1.0,0.0,2.0,0.0,0.0,0.0,2.0,1.0,0.0,2.0,0.0,2.0,1.0,2.0,1.0,1.0,2.0,1.0,0.0,1.0,0.0,0.0,0.0,0.0,0.0,2.0,0.0,2.0,1.0,1.0,1.0,1.0,2.0,2.0,0.0,1.0,2.0,0.0,2.0,0.0,0.0,0.0,0.0,2.0,0.0,0.0,0.0,0.0,2.0,2.0,0.0,2.0,0.0,2.0,2.0,0.0,1.0,2.0,2.0,0.0,2.0,1.0,0.0,1.0,1.0,2.0,1.0,0.0,1.0,1.0,2.0,1.0,1.0
14,2.0,2.0,2.0,2.0,2.0,1.0,0.0,1.0,1.0,2.0,1.0,1.0,0.0,1.0,2.0,1.0,2.0,0.0,2.0,2.0,0.0,2.0,1.0,0.0,2.0,2.0,1.0,2.0,2.0,0.0,2.0,2.0,0.0,1.0,0.0,1.0,1.0,2.0,1.0,1.0,1.0,0.0,0.0,0.0,0.0,2.0,2.0,2.0,1.0,0.0,1.0,0.0,1.0,0.0,0.0,1.0,1.0,2.0,2.0,1.0,0.0,0.0,0.0,2.0,0.0,0.0,1.0,0.0,1.0,2.0,0.0,0.0,1.0,0.0,1.0,2.0,1.0,1.0,1.0,0.0,1.0,1.0,2.0,0.0,0.0,1.0,1.0,0.0,1.0,1.0,0.0,2.0,1.0,2.0,0.0,0.0,2.0,0.0,0.0,1.0,0.0,0.0,0.0,2.0,1.0,1.0,2.0,0.0,1.0,1.0,0.0,1.0,0.0,2.0,2.0,2.0,0.0,2.0,0.0,1.0,2.0,1.0,1.0,0.0,1.0,0.0,2.0,0.0,1.0,0.0,0.0,1.0,0.0,1.0,1.0,1.0,2.0,2.0,1.0,2.0,2.0,0.0,2.0,1.0,0.0,1.0,1.0,0.0,0.0,1.0,0.0,2.0,2.0,0.0,2.0,2.0,1.0,0.0,2.0,2.0,0.0,1.0,0.0,0.0,0.0,2.0,1.0,1.0,0.0,1.0,0.0,2.0,0.0,1.0,2.0,2.0,2.0,0.0,0.0,0.0,0.0,1.0,0.0,0.0,2.0,2.0,0.0,1.0,2.0,1.0,0.0,0.0,2.0,2.0,0.0,0.0,1.0,2.0,2.0,0.0
15,1.0,2.0,0.0,2.0,2.0,2.0,2.0,1.0,0.0,2.0,2.0,0.0,1.0,1.0,0.0,0.0,2.0,0.0,2.0,2.0,0.0,2.0,2.0,0.0,2.0,2.0,1.0,2.0,1.0,0.0,2.0,2.0,1.0,0.0,1.0,1.0,1.0,2.0,2.0,1.0,0.0,0.0,0.0,0.0,0.0,2.0,2.0,1.0,1.0,0.0,1.0,0.0,0.0,0.0,1.0,0.0,0.0,1.0,1.0,0.0,1.0,0.0,0.0,2.0,1.0,0.0,1.0,1.0,1.0,2.0,1.0,1.0,1.0,0.0,0.0,1.0,2.0,1.0,2.0,0.0,2.0,0.0,0.0,1.0,0.0,1.0,2.0,0.0,1.0,0.0,0.0,1.0,0.0,0.0,0.0,1.0,2.0,0.0,2.0,2.0,0.0,1.0,1.0,1.0,1.0,1.0,2.0,0.0,1.0,1.0,0.0,2.0,0.0,2.0,2.0,1.0,1.0,2.0,0.0,0.0,1.0,2.0,2.0,0.0,2.0,0.0,1.0,1.0,1.0,2.0,0.0,1.0,1.0,1.0,2.0,1.0,2.0,1.0,1.0,2.0,1.0,2.0,0.0,1.0,2.0,0.0,0.0,0.0,0.0,0.0,0.0,1.0,2.0,0.0,2.0,2.0,0.0,2.0,2.0,2.0,2.0,0.0,0.0,2.0,1.0,2.0,1.0,1.0,0.0,0.0,2.0,2.0,0.0,0.0,1.0,2.0,2.0,1.0,1.0,0.0,1.0,1.0,0.0,2.0,2.0,2.0,0.0,1.0,2.0,2.0,1.0,0.0,2.0,1.0,0.0,0.0,1.0,2.0,0.0,0.0
16,1.0,2.0,2.0,2.0,1.0,1.0,1.0,1.0,2.0,2.0,1.0,0.0,0.0,1.0,2.0,0.0,1.0,0.0,2.0,2.0,0.0,2.0,1.0,0.0,2.0,2.0,0.0,2.0,2.0,0.0,2.0,0.0,0.0,0.0,1.0,2.0,0.0,2.0,2.0,1.0,0.0,0.0,0.0,0.0,0.0,1.0,2.0,1.0,2.0,0.0,1.0,1.0,2.0,0.0,1.0,0.0,0.0,1.0,1.0,1.0,0.0,1.0,0.0,2.0,2.0,0.0,0.0,1.0,2.0,2.0,0.0,0.0,1.0,0.0,2.0,1.0,0.0,2.0,1.0,0.0,1.0,2.0,0.0,1.0,0.0,2.0,2.0,0.0,1.0,1.0,0.0,1.0,1.0,0.0,0.0,0.0,1.0,0.0,0.0,2.0,2.0,1.0,0.0,1.0,2.0,1.0,2.0,1.0,2.0,1.0,2.0,1.0,0.0,2.0,2.0,0.0,0.0,2.0,1.0,2.0,1.0,2.0,1.0,1.0,1.0,0.0,1.0,1.0,0.0,1.0,0.0,1.0,0.0,0.0,1.0,1.0,2.0,1.0,2.0,2.0,1.0,2.0,1.0,2.0,0.0,0.0,1.0,2.0,1.0,1.0,0.0,1.0,2.0,0.0,2.0,0.0,0.0,2.0,2.0,2.0,1.0,0.0,0.0,1.0,1.0,2.0,0.0,0.0,0.0,0.0,2.0,2.0,0.0,1.0,1.0,1.0,1.0,0.0,2.0,0.0,1.0,1.0,0.0,1.0,2.0,2.0,0.0,2.0,1.0,1.0,0.0,0.0,2.0,1.0,0.0,0.0,1.0,2.0,2.0,0.0
17,0.0,2.0,1.0,2.0,2.0,2.0,1.0,0.0,2.0,2.0,2.0,0.0,1.0,1.0,0.0,0.0,2.0,0.0,2.0,1.0,0.0,2.0,2.0,1.0,1.0,2.0,1.0,2.0,1.0,1.0,2.0,2.0,1.0,1.0,2.0,1.0,1.0,2.0,2.0,1.0,0.0,0.0,1.0,0.0,0.0,1.0,2.0,0.0,2.0,0.0,0.0,0.0,2.0,1.0,1.0,1.0,0.0,2.0,2.0,1.0,1.0,0.0,0.0,1.0,1.0,0.0,0.0,2.0,2.0,2.0,0.0,1.0,2.0,0.0,2.0,2.0,1.0,2.0,2.0,0.0,1.0,2.0,1.0,0.0,0.0,2.0,2.0,1.0,2.0,2.0,0.0,1.0,0.0,0.0,0.0,0.0,1.0,0.0,1.0,2.0,1.0,0.0,2.0,1.0,1.0,0.0,2.0,0.0,1.0,0.0,1.0,1.0,0.0,1.0,2.0,1.0,0.0,2.0,0.0,0.0,2.0,2.0,1.0,1.0,2.0,0.0,1.0,2.0,0.0,2.0,0.0,2.0,0.0,0.0,2.0,0.0,2.0,2.0,1.0,2.0,2.0,2.0,1.0,1.0,1.0,0.0,1.0,1.0,0.0,2.0,0.0,2.0,2.0,0.0,2.0,0.0,0.0,2.0,1.0,2.0,0.0,0.0,0.0,2.0,1.0,2.0,0.0,0.0,0.0,0.0,2.0,1.0,0.0,0.0,1.0,1.0,1.0,1.0,2.0,0.0,0.0,0.0,0.0,0.0,2.0,2.0,0.0,2.0,2.0,0.0,0.0,1.0,2.0,1.0,0.0,0.0,2.0,2.0,0.0,1.0
18,0.0,2.0,2.0,1.0,0.0,1.0,1.0,0.0,0.0,2.0,0.0,1.0,2.0,2.0,0.0,0.0,1.0,0.0,2.0,2.0,0.0,1.0,1.0,1.0,2.0,2.0,0.0,2.0,1.0,0.0,1.0,1.0,2.0,1.0,1.0,1.0,0.0,2.0,1.0,0.0,1.0,1.0,0.0,0.0,0.0,2.0,1.0,2.0,0.0,0.0,2.0,0.0,2.0,2.0,0.0,0.0,0.0,2.0,1.0,0.0,1.0,0.0,0.0,0.0,1.0,0.0,1.0,0.0,1.0,2.0,1.0,1.0,2.0,0.0,1.0,1.0,1.0,1.0,2.0,0.0,2.0,0.0,2.0,1.0,0.0,1.0,1.0,1.0,2.0,1.0,0.0,1.0,2.0,0.0,1.0,1.0,2.0,0.0,0.0,1.0,1.0,2.0,0.0,2.0,0.0,2.0,2.0,2.0,0.0,0.0,1.0,2.0,0.0,1.0,2.0,1.0,0.0,2.0,1.0,0.0,1.0,2.0,1.0,0.0,2.0,0.0,2.0,0.0,1.0,2.0,1.0,2.0,0.0,1.0,2.0,0.0,1.0,2.0,0.0,1.0,0.0,1.0,1.0,1.0,1.0,0.0,1.0,1.0,0.0,1.0,0.0,2.0,1.0,0.0,2.0,0.0,0.0,1.0,1.0,1.0,2.0,1.0,0.0,2.0,0.0,2.0,0.0,0.0,0.0,0.0,2.0,0.0,0.0,2.0,1.0,1.0,1.0,0.0,0.0,0.0,1.0,1.0,0.0,1.0,2.0,1.0,0.0,2.0,2.0,1.0,0.0,2.0,2.0,2.0,0.0,0.0,2.0,1.0,2.0,0.0
19,1.0,2.0,1.0,2.0,2.0,1.0,1.0,1.0,0.0,2.0,1.0,0.0,2.0,1.0,1.0,0.0,2.0,0.0,2.0,2.0,0.0,2.0,2.0,2.0,2.0,2.0,2.0,2.0,1.0,1.0,2.0,0.0,1.0,1.0,1.0,2.0,0.0,2.0,1.0,0.0,0.0,0.0,1.0,0.0,1.0,2.0,2.0,1.0,0.0,1.0,1.0,0.0,2.0,1.0,0.0,0.0,0.0,2.0,0.0,0.0,0.0,0.0,0.0,2.0,1.0,0.0,1.0,1.0,0.0,2.0,0.0,2.0,0.0,0.0,1.0,2.0,1.0,2.0,0.0,0.0,0.0,1.0,1.0,0.0,0.0,2.0,0.0,1.0,0.0,0.0,0.0,0.0,2.0,0.0,0.0,0.0,1.0,0.0,1.0,2.0,1.0,1.0,0.0,0.0,1.0,1.0,2.0,0.0,2.0,0.0,1.0,1.0,0.0,2.0,2.0,0.0,0.0,2.0,0.0,1.0,2.0,2.0,2.0,0.0,1.0,0.0,2.0,0.0,2.0,2.0,0.0,0.0,0.0,0.0,2.0,1.0,2.0,2.0,0.0,2.0,2.0,1.0,1.0,0.0,0.0,0.0,1.0,1.0,0.0,2.0,0.0,1.0,2.0,0.0,2.0,1.0,2.0,1.0,2.0,2.0,2.0,2.0,0.0,2.0,2.0,2.0,0.0,0.0,1.0,0.0,2.0,1.0,0.0,1.0,1.0,2.0,1.0,0.0,1.0,0.0,2.0,2.0,0.0,1.0,2.0,2.0,0.0,1.0,2.0,0.0,0.0,0.0,2.0,2.0,0.0,0.0,0.0,2.0,1.0,0.0
20,1.0,1.0,2.0,1.0,0.0,1.0,1.0,0.0,1.0,2.0,1.0,0.0,0.0,2.0,1.0,0.0,2.0,0.0,2.0,2.0,0.0,2.0,1.0,1.0,2.0,2.0,1.0,2.0,2.0,0.0,1.0,1.0,2.0,2.0,1.0,1.0,2.0,2.0,1.0,0.0,1.0,2.0,1.0,0.0,1.0,1.0,1.0,2.0,2.0,1.0,2.0,0.0,2.0,2.0,1.0,1.0,1.0,2.0,1.0,0.0,0.0,0.0,1.0,0.0,1.0,1.0,1.0,0.0,1.0,2.0,0.0,1.0,1.0,0.0,2.0,1.0,1.0,0.0,2.0,0.0,2.0,1.0,1.0,1.0,0.0,0.0,2.0,2.0,1.0,0.0,0.0,0.0,2.0,0.0,2.0,1.0,2.0,0.0,0.0,0.0,0.0,2.0,0.0,2.0,1.0,2.0,2.0,2.0,0.0,1.0,0.0,1.0,0.0,1.0,2.0,1.0,1.0,2.0,0.0,1.0,1.0,1.0,0.0,0.0,2.0,0.0,1.0,0.0,2.0,2.0,0.0,1.0,0.0,0.0,2.0,0.0,1.0,2.0,0.0,1.0,1.0,1.0,0.0,1.0,0.0,0.0,2.0,1.0,0.0,2.0,0.0,2.0,1.0,2.0,1.0,0.0,0.0,0.0,2.0,2.0,2.0,1.0,0.0,2.0,1.0,2.0,0.0,0.0,1.0,1.0,2.0,1.0,0.0,1.0,2.0,2.0,1.0,0.0,2.0,1.0,1.0,0.0,0.0,1.0,2.0,1.0,0.0,0.0,2.0,0.0,1.0,1.0,1.0,1.0,0.0,1.0,0.0,2.0,2.0,0.0
21,2.0,2.0,2.0,2.0,2.0,2.0,1.0,2.0,2.0,2.0,1.0,0.0,1.0,0.0,1.0,1.0,1.0,0.0,2.0,1.0,0.0,2.0,2.0,0.0,2.0,2.0,0.0,2.0,2.0,0.0,2.0,1.0,0.0,0.0,1.0,0.0,1.0,2.0,1.0,0.0,0.0,0.0,0.0,0.0,0.0,1.0,2.0,0.0,2.0,0.0,1.0,1.0,2.0,0.0,0.0,0.0,0.0,2.0,1.0,0.0,0.0,1.0,0.0,1.0,2.0,0.0,1.0,1.0,0.0,2.0,0.0,1.0,1.0,0.0,0.0,1.0,2.0,2.0,2.0,0.0,2.0,2.0,1.0,0.0,0.0,2.0,1.0,1.0,1.0,0.0,0.0,0.0,2.0,0.0,0.0,2.0,1.0,1.0,1.0,2.0,1.0,0.0,0.0,1.0,1.0,1.0,2.0,1.0,0.0,2.0,0.0,0.0,0.0,2.0,2.0,2.0,0.0,2.0,0.0,0.0,1.0,2.0,2.0,0.0,2.0,0.0,0.0,2.0,1.0,2.0,0.0,1.0,0.0,0.0,1.0,1.0,1.0,2.0,2.0,2.0,0.0,2.0,1.0,0.0,1.0,0.0,2.0,1.0,0.0,0.0,0.0,2.0,2.0,0.0,2.0,2.0,0.0,0.0,1.0,2.0,1.0,1.0,0.0,2.0,1.0,2.0,0.0,2.0,1.0,0.0,2.0,1.0,0.0,1.0,0.0,2.0,2.0,0.0,2.0,0.0,2.0,0.0,0.0,1.0,2.0,0.0,1.0,2.0,1.0,0.0,0.0,2.0,2.0,2.0,0.0,1.0,1.0,2.0,2.0,0.0
22,2.0,2.0,2.0,2.0,2.0,1.0,2.0,1.0,2.0,2.0,0.0,0.0,0.0,0.0,1.0,1.0,1.0,0.0,2.0,1.0,0.0,2.0,1.0,0.0,1.0,2.0,1.0,2.0,2.0,0.0,2.0,2.0,1.0,0.0,0.0,0.0,0.0,2.0,1.0,0.0,0.0,0.0,0.0,0.0,1.0,1.0,2.0,2.0,1.0,1.0,0.0,0.0,1.0,0.0,0.0,0.0,0.0,2.0,1.0,0.0,0.0,0.0,0.0,2.0,1.0,0.0,2.0,0.0,2.0,2.0,0.0,1.0,0.0,0.0,1.0,0.0,2.0,2.0,2.0,0.0,2.0,2.0,1.0,1.0,0.0,2.0,2.0,0.0,0.0,1.0,0.0,0.0,2.0,0.0,0.0,1.0,2.0,1.0,1.0,2.0,2.0,1.0,1.0,1.0,1.0,0.0,2.0,1.0,0.0,2.0,1.0,1.0,0.0,2.0,2.0,0.0,0.0,2.0,0.0,1.0,2.0,2.0,2.0,0.0,2.0,0.0,1.0,1.0,0.0,2.0,0.0,0.0,0.0,0.0,1.0,0.0,0.0,2.0,2.0,2.0,1.0,2.0,2.0,0.0,2.0,0.0,2.0,1.0,0.0,1.0,0.0,2.0,2.0,0.0,2.0,1.0,0.0,0.0,2.0,1.0,1.0,0.0,0.0,2.0,1.0,2.0,1.0,1.0,1.0,0.0,2.0,1.0,0.0,1.0,1.0,2.0,2.0,0.0,2.0,0.0,1.0,1.0,0.0,2.0,2.0,1.0,0.0,1.0,2.0,1.0,0.0,1.0,2.0,2.0,0.0,0.0,2.0,2.0,2.0,0.0
23,0.0,2.0,2.0,2.0,1.0,1.0,1.0,2.0,0.0,2.0,1.0,0.0,2.0,2.0,0.0,1.0,2.0,0.0,2.0,2.0,0.0,2.0,2.0,0.0,1.0,2.0,1.0,1.0,1.0,1.0,2.0,2.0,1.0,1.0,0.0,1.0,1.0,2.0,1.0,0.0,0.0,0.0,0.0,0.0,1.0,2.0,2.0,0.0,1.0,1.0,1.0,0.0,0.0,0.0,0.0,0.0,0.0,2.0,0.0,0.0,1.0,0.0,1.0,1.0,1.0,0.0,1.0,0.0,2.0,2.0,1.0,2.0,0.0,0.0,1.0,2.0,2.0,0.0,2.0,0.0,1.0,2.0,1.0,0.0,0.0,1.0,2.0,1.0,0.0,2.0,0.0,1.0,2.0,0.0,0.0,2.0,2.0,1.0,0.0,2.0,1.0,1.0,0.0,1.0,0.0,1.0,2.0,1.0,2.0,1.0,1.0,1.0,0.0,2.0,2.0,0.0,1.0,2.0,0.0,0.0,2.0,2.0,2.0,0.0,2.0,0.0,0.0,0.0,1.0,2.0,0.0,0.0,0.0,0.0,2.0,0.0,2.0,2.0,2.0,2.0,0.0,2.0,2.0,2.0,0.0,0.0,2.0,1.0,0.0,1.0,0.0,2.0,2.0,0.0,1.0,2.0,0.0,0.0,2.0,2.0,2.0,2.0,0.0,2.0,0.0,2.0,1.0,1.0,1.0,0.0,2.0,2.0,0.0,2.0,0.0,2.0,1.0,1.0,1.0,1.0,2.0,2.0,0.0,0.0,2.0,2.0,0.0,0.0,1.0,2.0,0.0,2.0,2.0,1.0,0.0,1.0,2.0,2.0,0.0,0.0
24,0.0,2.0,2.0,2.0,2.0,1.0,1.0,1.0,1.0,2.0,2.0,0.0,2.0,2.0,1.0,1.0,2.0,0.0,1.0,2.0,0.0,2.0,0.0,1.0,1.0,2.0,1.0,1.0,1.0,1.0,2.0,2.0,1.0,1.0,0.0,1.0,2.0,2.0,0.0,0.0,0.0,0.0,1.0,0.0,0.0,2.0,2.0,0.0,1.0,0.0,0.0,0.0,1.0,0.0,1.0,0.0,0.0,2.0,2.0,0.0,1.0,0.0,1.0,2.0,1.0,0.0,1.0,1.0,1.0,2.0,1.0,1.0,1.0,0.0,1.0,1.0,1.0,1.0,1.0,0.0,1.0,2.0,0.0,1.0,0.0,1.0,2.0,0.0,1.0,2.0,0.0,0.0,1.0,0.0,0.0,1.0,1.0,0.0,1.0,2.0,2.0,1.0,1.0,1.0,0.0,0.0,2.0,0.0,1.0,1.0,0.0,0.0,0.0,2.0,2.0,0.0,0.0,2.0,0.0,0.0,2.0,1.0,2.0,0.0,2.0,0.0,0.0,0.0,1.0,1.0,0.0,1.0,0.0,0.0,2.0,1.0,2.0,2.0,1.0,2.0,2.0,2.0,2.0,1.0,2.0,1.0,0.0,1.0,0.0,0.0,0.0,2.0,2.0,0.0,1.0,2.0,0.0,2.0,1.0,2.0,2.0,0.0,1.0,1.0,0.0,2.0,2.0,0.0,0.0,1.0,2.0,2.0,1.0,0.0,0.0,2.0,2.0,0.0,2.0,0.0,2.0,0.0,0.0,2.0,2.0,2.0,0.0,2.0,2.0,1.0,0.0,1.0,2.0,2.0,0.0,1.0,2.0,1.0,1.0,0.0
25,0.0,1.0,2.0,2.0,0.0,2.0,1.0,0.0,1.0,2.0,1.0,0.0,1.0,2.0,0.0,0.0,2.0,0.0,2.0,2.0,0.0,2.0,1.0,0.0,2.0,2.0,0.0,2.0,2.0,1.0,2.0,1.0,1.0,0.0,0.0,1.0,2.0,2.0,1.0,1.0,0.0,2.0,0.0,1.0,1.0,2.0,1.0,2.0,1.0,1.0,2.0,0.0,1.0,1.0,2.0,0.0,0.0,2.0,1.0,0.0,2.0,0.0,0.0,0.0,2.0,2.0,1.0,0.0,2.0,2.0,0.0,2.0,2.0,0.0,2.0,2.0,1.0,1.0,1.0,1.0,2.0,0.0,0.0,0.0,0.0,2.0,2.0,0.0,1.0,1.0,0.0,0.0,2.0,0.0,2.0,2.0,2.0,0.0,0.0,1.0,2.0,2.0,0.0,1.0,2.0,2.0,2.0,1.0,0.0,1.0,0.0,2.0,0.0,2.0,2.0,1.0,1.0,2.0,2.0,0.0,1.0,2.0,2.0,0.0,1.0,0.0,1.0,0.0,2.0,2.0,1.0,2.0,0.0,1.0,1.0,0.0,2.0,1.0,1.0,0.0,1.0,2.0,1.0,1.0,0.0,0.0,1.0,1.0,0.0,2.0,0.0,2.0,1.0,1.0,2.0,0.0,0.0,1.0,1.0,1.0,1.0,1.0,0.0,2.0,1.0,2.0,0.0,0.0,2.0,0.0,2.0,1.0,1.0,1.0,2.0,2.0,2.0,0.0,2.0,0.0,1.0,1.0,0.0,1.0,2.0,1.0,0.0,2.0,2.0,0.0,2.0,1.0,2.0,1.0,0.0,1.0,0.0,1.0,1.0,1.0
26,2.0,2.0,2.0,2.0,2.0,2.0,1.0,2.0,1.0,2.0,0.0,0.0,1.0,1.0,0.0,1.0,2.0,0.0,2.0,2.0,0.0,0.0,1.0,1.0,1.0,2.0,0.0,2.0,0.0,1.0,2.0,1.0,2.0,0.0,2.0,2.0,0.0,2.0,2.0,1.0,0.0,0.0,0.0,0.0,0.0,2.0,2.0,2.0,2.0,0.0,2.0,0.0,1.0,0.0,0.0,1.0,0.0,2.0,1.0,0.0,0.0,0.0,0.0,1.0,0.0,0.0,1.0,2.0,1.0,2.0,0.0,2.0,1.0,0.0,1.0,2.0,1.0,2.0,2.0,0.0,2.0,1.0,1.0,0.0,0.0,1.0,1.0,0.0,1.0,0.0,0.0,1.0,1.0,0.0,0.0,1.0,1.0,1.0,1.0,2.0,2.0,1.0,0.0,1.0,0.0,2.0,2.0,1.0,2.0,1.0,1.0,2.0,0.0,2.0,2.0,0.0,0.0,2.0,1.0,1.0,1.0,2.0,1.0,0.0,1.0,0.0,2.0,1.0,1.0,2.0,1.0,1.0,0.0,0.0,2.0,0.0,2.0,2.0,2.0,2.0,2.0,1.0,2.0,1.0,1.0,0.0,1.0,1.0,0.0,2.0,0.0,1.0,2.0,0.0,2.0,2.0,0.0,0.0,2.0,2.0,1.0,1.0,0.0,2.0,2.0,2.0,0.0,2.0,1.0,0.0,2.0,0.0,0.0,1.0,1.0,2.0,2.0,0.0,2.0,0.0,1.0,1.0,0.0,1.0,2.0,2.0,0.0,1.0,1.0,1.0,1.0,2.0,2.0,1.0,0.0,1.0,2.0,2.0,2.0,0.0
27,0.0,2.0,2.0,2.0,2.0,2.0,2.0,2.0,1.0,2.0,0.0,1.0,1.0,0.0,0.0,1.0,2.0,0.0,2.0,2.0,0.0,2.0,1.0,1.0,2.0,2.0,0.0,2.0,1.0,1.0,2.0,2.0,0.0,0.0,0.0,0.0,1.0,2.0,2.0,0.0,0.0,0.0,1.0,0.0,1.0,1.0,2.0,0.0,2.0,1.0,1.0,0.0,1.0,0.0,0.0,0.0,0.0,2.0,0.0,0.0,1.0,0.0,1.0,0.0,0.0,1.0,1.0,0.0,1.0,2.0,0.0,0.0,1.0,0.0,1.0,2.0,1.0,2.0,1.0,0.0,2.0,2.0,2.0,0.0,0.0,1.0,2.0,0.0,1.0,0.0,0.0,0.0,1.0,0.0,0.0,0.0,2.0,0.0,1.0,2.0,2.0,0.0,1.0,1.0,1.0,1.0,2.0,1.0,1.0,0.0,0.0,1.0,0.0,2.0,2.0,2.0,0.0,2.0,0.0,0.0,2.0,2.0,1.0,0.0,2.0,0.0,0.0,0.0,0.0,2.0,1.0,1.0,0.0,0.0,1.0,0.0,2.0,1.0,1.0,2.0,1.0,1.0,1.0,2.0,1.0,0.0,1.0,0.0,0.0,1.0,0.0,2.0,2.0,0.0,2.0,2.0,0.0,1.0,2.0,2.0,1.0,0.0,0.0,2.0,1.0,2.0,1.0,2.0,1.0,0.0,2.0,0.0,0.0,1.0,1.0,2.0,1.0,0.0,2.0,1.0,2.0,0.0,0.0,0.0,2.0,1.0,0.0,0.0,2.0,0.0,0.0,0.0,1.0,1.0,0.0,0.0,2.0,2.0,1.0,0.0
28,0.58,2.0,2.0,2.0,2.0,1.0,2.0,0.0,1.0,2.0,0.0,0.0,1.0,0.0,0.0,1.0,1.0,0.0,2.0,2.0,0.0,2.0,1.0,0.0,2.0,1.0,1.0,2.0,1.0,1.0,2.0,1.0,1.0,0.0,2.0,2.0,1.0,2.0,2.0,0.0,1.0,0.0,1.0,0.0,1.0,1.0,2.0,2.0,0.0,1.0,0.0,0.0,2.0,0.0,1.0,0.0,0.0,1.0,1.0,0.0,0.0,0.0,0.55,2.0,0.0,0.0,1.0,2.0,0.0,2.0,1.0,1.0,1.0,0.0,1.0,2.0,1.0,1.0,1.0,0.0,2.0,1.0,0.0,0.0,0.0,1.0,1.0,0.0,1.0,0.0,0.0,0.0,1.0,0.0,0.0,1.0,2.0,0.0,2.0,1.0,1.0,2.0,2.0,2.0,2.0,0.0,2.0,0.0,0.0,0.0,0.0,2.0,0.0,2.0,2.0,2.0,0.0,2.0,0.0,0.0,2.0,2.0,2.0,0.0,2.0,0.0,1.0,0.0,1.0,1.0,0.0,1.0,0.0,0.0,1.0,0.0,1.0,1.0,1.0,1.0,1.38,1.0,1.0,0.0,1.0,0.0,0.0,1.0,0.0,2.0,0.0,1.0,2.0,0.0,2.0,1.0,0.0,0.0,2.0,2.0,1.0,2.0,0.0,1.0,0.0,2.0,0.0,0.0,2.0,0.0,2.0,1.0,0.0,0.0,2.0,2.0,2.0,0.0,0.0,0.0,1.0,2.0,0.0,1.0,2.0,0.0,0.0,0.0,0.0,1.0,0.0,1.0,2.0,2.0,0.0,0.0,2.0,2.0,2.0,0.0
29,1.0,1.0,2.0,1.0,0.0,1.0,0.0,2.0,1.0,2.0,1.0,1.0,2.0,2.0,0.0,1.0,2.0,0.0,2.0,0.0,0.0,2.0,2.0,0.0,2.0,2.0,0.0,2.0,1.0,0.0,2.0,0.0,0.0,0.0,1.0,1.0,2.0,2.0,1.0,0.0,1.0,0.0,0.0,0.0,0.0,2.0,2.0,1.0,2.0,0.0,2.0,0.0,2.0,0.0,1.0,1.0,1.0,2.0,1.0,0.0,1.0,0.0,0.0,0.0,1.0,2.0,1.0,1.0,0.0,2.0,0.0,0.0,1.0,0.0,2.0,2.0,1.0,1.0,1.0,0.0,0.0,1.0,0.0,0.0,0.0,1.0,2.0,0.0,1.0,0.0,0.0,0.0,2.0,0.0,0.0,2.0,2.0,1.0,0.0,1.0,2.0,2.0,0.0,2.0,2.0,2.0,2.0,1.0,2.0,1.0,1.0,2.0,0.0,1.0,2.0,1.0,0.0,2.0,0.0,1.0,2.0,2.0,1.0,0.0,2.0,0.0,2.0,0.0,2.0,2.0,0.0,1.0,0.0,1.0,1.0,2.0,2.0,1.0,0.0,2.0,2.0,1.0,1.0,1.0,0.0,0.0,1.0,1.0,0.0,1.0,0.0,1.0,2.0,0.0,2.0,0.0,0.0,0.0,0.0,1.0,1.0,1.0,0.0,2.0,1.0,2.0,1.0,0.0,0.0,0.0,2.0,1.0,0.0,1.0,2.0,2.0,2.0,0.0,1.0,1.0,1.0,2.0,0.0,1.0,2.0,1.0,0.0,2.0,2.0,1.0,0.0,0.0,2.0,1.0,0.0,1.0,1.0,2.0,0.0,0.0
30,1.0,2.0,2.0,2.0,2.0,1.0,2.0,1.0,2.0,2.0,1.0,1.0,2.0,1.0,0.0,1.0,2.0,1.0,2.0,2.0,0.0,2.0,2.0,0.0,2.0,2.0,1.0,0.0,0.0,0.0,2.0,1.0,0.0,1.0,0.0,1.0,2.0,2.0,1.0,0.0,0.0,0.0,0.0,0.0,1.0,0.0,2.0,2.0,2.0,1.0,2.0,0.0,0.0,1.0,0.0,0.0,0.0,2.0,1.0,0.0,0.0,0.0,0.0,0.0,1.0,0.0,1.0,0.0,2.0,2.0,0.0,2.0,0.0,0.0,0.0,2.0,2.0,0.0,2.0,0.0,1.0,2.0,0.0,0.0,0.0,1.0,2.0,1.0,0.0,2.0,0.0,0.0,2.0,0.0,0.0,1.0,2.0,0.0,2.0,1.0,2.0,1.0,1.0,0.0,1.0,2.0,2.0,0.0,1.0,1.0,1.0,0.0,1.0,2.0,2.0,0.0,0.0,2.0,0.0,0.0,2.0,2.0,1.0,0.0,1.0,0.0,2.0,0.0,0.0,2.0,0.0,0.0,0.0,1.0,1.0,0.0,2.0,1.0,2.0,1.0,1.0,2.0,2.0,2.0,2.0,0.0,1.0,2.0,0.0,1.0,0.0,2.0,2.0,0.0,2.0,0.0,0.0,1.0,2.0,2.0,0.0,1.0,0.0,2.0,1.0,2.0,0.0,0.0,2.0,0.0,2.0,0.0,0.0,0.0,2.0,2.0,1.0,0.0,2.0,0.0,1.0,1.0,0.0,1.0,2.0,2.0,0.0,2.0,1.0,0.0,0.0,1.0,2.0,1.0,0.0,0.0,2.0,2.0,1.0,0.0
31,0.0,2.0,2.0,2.0,1.0,0.0,1.0,1.0,2.0,2.0,2.0,0.0,1.0,0.0,0.0,0.0,1.0,0.0,2.0,2.0,0.0,1.0,1.0,1.0,2.0,2.0,1.0,2.0,1.0,1.0,2.0,1.0,1.0,1.0,2.0,2.0,1.0,2.0,2.0,0.0,0.0,0.0,1.0,0.0,1.0,1.0,2.0,1.0,0.0,1.0,0.0,0.0,1.0,0.0,1.0,1.0,0.0,2.0,1.0,0.0,1.0,0.0,0.0,2.0,2.0,0.0,1.0,2.0,1.0,2.0,1.0,1.0,1.0,0.0,2.0,2.0,0.0,1.0,1.0,0.0,0.0,2.0,1.0,0.0,0.0,1.0,1.0,0.0,0.0,2.0,0.0,2.0,2.0,0.0,0.0,0.0,2.0,0.0,1.0,2.0,2.0,2.0,0.0,1.0,1.0,0.0,2.0,0.0,2.0,0.0,0.0,1.0,0.0,2.0,2.0,0.0,0.0,2.0,0.0,1.0,2.0,2.0,1.0,0.0,2.0,0.0,2.0,0.0,2.0,2.0,0.0,1.0,0.0,0.0,2.0,1.0,1.0,2.0,2.0,2.0,2.0,0.0,0.0,2.0,1.0,0.0,1.0,0.0,0.0,1.0,0.0,1.0,2.0,0.0,2.0,1.0,0.0,1.0,2.0,1.0,0.0,1.0,0.0,2.0,1.0,2.0,0.0,2.0,2.0,0.0,2.0,0.0,0.0,0.0,1.0,2.0,2.0,0.0,1.0,0.0,1.0,1.0,0.0,1.0,2.0,2.0,0.0,1.0,1.0,0.0,1.0,1.0,2.0,2.0,0.0,0.0,0.0,2.0,1.0,0.0
32,0.0,2.0,1.0,1.0,1.0,1.0,0.0,2.0,0.0,2.0,2.0,1.0,1.0,2.0,2.0,0.0,2.0,0.0,2.0,2.0,0.0,2.0,1.0,0.0,1.0,2.0,0.0,1.0,2.0,0.0,2.0,1.0,1.0,1.0,1.0,1.0,0.0,2.0,0.0,1.0,0.0,0.0,1.0,1.0,1.0,2.0,2.0,0.0,1.0,1.0,0.0,0.0,1.0,0.0,0.0,1.0,0.0,1.0,2.0,0.0,1.0,0.0,1.0,1.0,0.0,0.0,2.0,1.0,1.0,2.0,0.0,0.0,1.0,0.0,1.0,2.0,1.0,2.0,2.0,0.0,1.0,1.0,1.0,0.0,0.0,2.0,1.0,0.0,1.0,2.0,0.0,1.0,2.0,0.0,0.0,2.0,1.0,0.0,0.0,2.0,2.0,2.0,0.0,2.0,1.0,0.0,1.0,1.0,0.0,0.0,1.0,1.0,0.0,1.0,2.0,0.0,1.0,1.0,0.0,0.0,2.0,2.0,1.0,1.0,1.0,0.0,1.0,2.0,1.0,0.0,0.0,1.0,0.0,0.0,1.0,1.0,1.0,2.0,1.0,2.0,2.0,2.0,0.0,2.0,1.0,0.0,1.0,0.0,0.0,2.0,0.0,2.0,2.0,0.0,2.0,2.0,1.0,1.0,1.0,2.0,2.0,0.0,0.0,0.0,0.0,2.0,1.0,0.0,0.0,0.0,2.0,1.0,0.0,2.0,1.0,1.0,1.0,0.0,2.0,0.0,2.0,1.0,0.0,0.0,2.0,2.0,0.0,1.0,2.0,2.0,1.0,0.0,2.0,2.0,0.0,0.0,2.0,2.0,0.0,1.0
33,1.0,2.0,2.0,2.0,1.0,1.0,1.0,1.0,0.0,2.0,1.0,0.0,2.0,0.0,1.0,1.0,2.0,0.0,2.0,2.0,0.0,1.99,2.0,0.0,2.0,2.0,0.0,1.0,2.0,1.0,2.0,2.0,0.0,0.0,1.0,2.0,1.0,2.0,1.0,0.0,0.0,0.0,1.0,1.0,1.0,2.0,2.0,1.0,1.0,1.0,1.0,0.0,1.0,0.0,0.0,1.0,0.0,1.0,1.0,1.0,1.0,0.0,0.0,1.0,0.0,0.0,0.0,1.0,2.0,2.0,1.0,1.0,1.0,0.0,1.0,2.0,2.0,2.0,2.0,0.0,1.0,1.0,1.0,1.0,0.0,1.0,2.0,1.0,1.0,0.0,0.0,0.0,2.0,0.0,0.0,1.0,2.0,0.0,1.0,2.0,1.0,1.0,1.0,1.0,1.0,1.0,1.0,0.0,1.0,0.0,0.0,0.0,1.0,2.0,2.0,1.0,2.0,2.0,0.0,0.0,2.0,2.0,0.0,0.0,2.0,0.0,2.0,2.0,0.0,1.0,0.0,1.0,0.0,0.0,1.0,1.0,1.0,2.0,2.0,2.0,1.0,2.0,1.0,2.0,1.0,0.0,0.0,1.0,0.0,1.0,0.0,1.0,2.0,0.0,2.0,1.0,1.0,1.0,2.0,2.0,2.0,0.0,2.0,1.0,1.0,2.0,1.0,0.0,0.0,0.0,2.0,1.0,0.0,2.0,1.0,2.0,1.0,1.0,2.0,0.0,1.0,1.0,0.0,0.0,2.0,2.0,0.0,1.0,2.0,1.0,2.0,1.0,1.0,1.0,0.0,0.0,2.0,1.0,0.0,0.0
34,0.0,2.0,1.0,2.0,1.0,2.0,1.0,2.0,1.0,1.0,1.0,1.0,2.0,1.0,0.0,0.0,2.0,0.0,2.0,2.0,0.0,2.0,1.0,0.0,1.0,2.0,1.0,2.0,2.0,1.0,2.0,2.0,0.0,0.0,0.0,2.0,2.0,2.0,2.0,0.0,1.0,0.0,2.0,0.0,1.0,1.0,2.0,0.0,2.0,1.0,1.0,0.0,1.0,1.0,1.0,0.0,0.0,2.0,1.0,1.0,1.0,1.0,0.0,2.0,1.0,1.0,1.0,0.0,1.0,2.0,0.0,1.0,1.0,0.0,1.0,1.0,2.0,0.0,2.0,0.0,2.0,2.0,0.0,1.0,0.0,2.0,2.0,0.0,1.0,1.0,0.0,0.0,2.0,0.0,0.0,1.0,2.0,0.0,0.0,0.0,2.0,1.0,1.0,1.0,1.0,0.0,1.0,1.0,2.0,1.0,1.0,1.0,0.0,2.0,2.0,1.0,0.0,2.0,1.0,0.0,2.0,1.0,2.0,0.0,1.0,0.0,1.0,0.0,2.0,2.0,0.0,1.0,0.0,0.0,1.0,2.0,2.0,1.0,1.0,1.0,2.0,2.0,1.0,1.0,1.0,0.0,1.0,1.0,0.0,2.0,0.0,1.0,1.0,1.0,1.0,0.0,1.0,2.0,1.0,1.0,0.0,0.0,1.0,2.0,1.0,2.0,0.0,0.0,1.0,0.0,2.0,1.0,0.0,2.0,2.0,1.0,2.0,1.0,1.0,1.0,1.0,2.0,0.0,1.0,2.0,1.0,0.0,1.0,1.0,1.0,0.0,1.0,2.0,2.0,0.0,1.0,1.0,1.0,1.0,0.0
35,2.0,2.0,2.0,2.0,2.0,2.0,1.0,1.0,1.0,2.0,0.0,0.0,0.0,1.0,1.0,1.0,2.0,0.0,2.0,2.0,0.0,2.0,2.0,0.0,1.0,2.0,0.0,2.0,1.0,1.0,2.0,1.0,1.0,0.0,0.0,2.0,1.0,2.0,1.0,0.0,0.0,0.0,1.0,0.0,1.0,1.0,2.0,1.0,1.0,1.0,1.0,0.0,1.0,0.0,0.0,0.0,0.0,2.0,1.0,2.0,0.0,0.0,0.0,1.0,1.0,0.0,1.0,1.0,1.0,2.0,1.0,1.0,1.0,0.0,1.0,1.0,1.0,1.0,2.0,0.0,2.0,1.0,0.0,0.0,0.0,2.0,2.0,0.0,1.0,1.0,0.0,0.0,2.0,0.0,0.0,1.0,2.0,0.0,1.0,2.0,2.0,1.0,1.0,1.0,1.0,1.0,1.0,1.0,2.0,0.0,0.0,0.0,0.0,2.0,2.0,1.0,0.0,2.0,1.0,0.0,1.0,2.0,2.0,0.0,2.0,0.0,2.0,0.0,0.0,2.0,1.0,1.0,0.0,0.0,2.0,0.0,2.0,1.0,1.0,1.0,2.0,2.0,2.0,1.0,0.0,1.0,0.0,2.0,0.0,0.0,0.0,1.0,2.0,0.0,2.0,2.0,1.0,2.0,2.0,2.0,1.0,0.0,0.0,2.0,1.0,2.0,1.0,1.0,1.0,0.0,2.0,1.0,0.0,1.0,0.0,2.0,2.0,0.0,2.0,0.0,1.0,2.0,0.0,1.0,2.0,1.0,0.0,2.0,0.0,2.0,1.0,0.0,2.0,1.0,0.0,0.0,0.0,2.0,2.0,0.0
36,0.0,2.0,0.0,2.0,1.0,1.0,1.0,0.0,1.0,2.0,2.0,0.0,0.0,0.0,0.0,1.0,1.0,0.0,2.0,2.0,0.0,2.0,2.0,1.0,2.0,2.0,1.0,2.0,2.0,2.0,2.0,2.0,1.0,1.0,1.0,2.0,1.0,2.0,2.0,0.0,0.0,0.0,0.0,0.0,1.0,2.0,2.0,1.0,2.0,1.0,0.0,0.0,2.0,0.0,0.0,0.0,0.0,2.0,0.0,1.0,0.0,0.0,0.0,1.0,2.0,1.0,1.0,1.0,2.0,2.0,0.0,0.0,2.0,0.0,2.0,1.0,0.0,1.0,1.0,0.0,2.0,1.0,0.0,1.0,0.0,2.0,1.0,2.0,2.0,0.0,0.0,1.0,0.0,0.0,0.0,2.0,0.0,0.0,1.0,2.0,1.0,1.0,0.0,2.0,2.0,0.0,2.0,0.0,2.0,0.0,0.0,1.0,0.0,2.0,2.0,2.0,0.0,2.0,0.0,0.0,1.0,2.0,2.0,0.0,1.0,0.0,0.0,0.0,2.0,2.0,0.0,2.0,0.0,0.0,2.0,0.0,2.0,2.0,1.0,2.0,1.0,2.0,1.0,2.0,0.0,0.0,1.0,1.0,0.0,2.0,0.0,1.0,1.0,0.0,2.0,2.0,0.0,0.0,2.0,2.0,1.0,2.0,0.0,2.0,2.0,2.0,0.0,0.0,1.0,0.0,2.0,1.0,0.0,1.0,2.0,2.0,0.0,0.0,1.0,0.0,0.0,1.0,0.0,0.0,2.0,1.0,0.0,2.0,2.0,0.0,1.0,2.0,2.0,1.0,0.0,0.0,2.0,2.0,0.0,0.0
37,0.0,2.0,2.0,2.0,2.0,2.0,2.0,0.0,2.0,2.0,1.0,0.0,1.0,0.0,1.0,1.0,2.0,0.0,2.0,2.0,0.0,2.0,2.0,0.0,2.0,2.0,1.0,1.0,2.0,1.0,2.0,2.0,0.0,2.0,2.0,0.0,0.0,2.0,1.0,1.0,1.0,0.0,0.0,0.0,1.0,0.0,2.0,1.0,2.0,1.0,0.0,1.0,1.0,1.0,0.0,0.0,0.0,2.0,2.0,0.0,1.0,1.0,1.0,1.0,1.0,0.0,0.0,2.0,2.0,2.0,2.0,1.0,0.0,0.0,1.0,1.0,2.0,2.0,2.0,0.0,1.0,2.0,1.0,0.0,0.0,1.0,2.0,0.0,0.0,2.0,0.0,0.0,2.0,0.0,0.0,0.0,2.0,1.0,1.0,2.0,1.0,1.0,0.0,1.0,2.0,0.0,2.0,0.0,1.0,0.0,1.0,0.0,1.0,2.0,2.0,1.0,0.0,2.0,0.0,1.0,0.0,2.0,2.0,0.0,2.0,0.0,2.0,1.0,1.0,0.0,0.0,0.0,0.0,0.0,0.0,1.0,2.0,2.0,2.0,2.0,1.0,2.0,2.0,2.0,2.0,0.0,1.0,1.0,0.0,1.0,0.0,2.0,2.0,0.0,2.0,1.0,0.0,0.0,2.0,2.0,0.0,0.0,0.0,2.0,2.0,2.0,1.0,0.0,0.0,0.0,2.0,2.0,0.0,1.0,0.0,2.0,2.0,1.0,2.0,0.0,2.0,1.0,0.0,1.0,2.0,2.0,0.0,1.0,2.0,0.0,0.0,0.0,2.0,1.0,0.0,1.0,1.0,2.0,2.0,0.0
38,1.0,2.0,2.0,2.0,1.0,1.0,2.0,1.0,0.0,2.0,1.0,1.0,2.0,0.0,0.0,0.0,2.0,0.0,2.0,1.0,0.0,2.0,2.0,0.0,1.0,2.0,0.0,1.0,2.0,0.0,2.0,2.0,2.0,2.0,1.0,1.0,1.0,2.0,0.0,1.0,1.0,0.0,1.0,0.0,2.0,2.0,2.0,1.0,1.0,2.0,1.0,0.0,1.0,0.0,0.0,0.0,0.0,1.0,2.0,0.0,1.0,0.0,0.0,1.0,0.0,0.0,0.0,1.0,2.0,2.0,0.0,0.0,0.0,0.0,1.0,2.0,1.0,1.0,2.0,0.0,1.0,1.0,0.0,0.0,0.0,2.0,2.0,0.0,0.0,2.0,0.0,0.0,2.0,0.0,0.0,2.0,0.0,0.0,2.0,2.0,1.0,1.0,0.0,1.0,1.0,1.0,2.0,0.0,2.0,1.0,1.0,0.0,0.0,2.0,2.0,2.0,1.0,2.0,1.0,0.0,2.0,2.0,2.0,0.0,2.0,0.0,1.0,1.0,0.0,1.0,0.0,0.0,0.0,1.0,1.0,1.0,2.0,1.0,1.0,2.0,2.0,2.0,1.0,0.0,1.0,0.0,0.0,0.0,0.0,1.0,0.0,2.0,2.0,0.0,2.0,1.0,0.0,1.0,2.0,2.0,2.0,0.0,0.0,1.0,0.0,2.0,2.0,0.0,0.0,0.0,2.0,2.0,0.0,0.0,1.0,2.0,2.0,1.0,2.0,0.0,1.0,1.0,0.0,0.0,2.0,1.0,0.0,2.0,2.0,0.0,1.0,0.0,2.0,2.0,0.0,0.0,1.0,2.0,0.0,0.0
39,0.0,2.0,1.0,1.0,2.0,2.0,0.0,2.0,0.0,2.0,0.0,0.0,1.0,0.0,2.0,1.0,2.0,0.0,2.0,2.0,0.0,2.0,2.0,1.0,2.0,2.0,0.0,0.0,2.0,0.0,2.0,0.0,0.0,1.0,0.0,0.0,0.0,2.0,2.0,1.0,1.0,0.0,0.0,0.0,1.0,2.0,2.0,1.0,2.0,1.0,1.0,0.0,2.0,1.0,0.0,0.0,0.0,1.0,2.0,0.0,1.0,0.0,0.0,1.0,2.0,1.0,1.0,0.0,1.0,2.0,2.0,1.0,1.0,0.0,2.0,2.0,1.0,0.0,2.0,0.0,2.0,1.0,2.0,1.0,0.0,0.0,1.0,1.0,1.0,2.0,0.0,2.0,2.0,0.0,0.0,2.0,2.0,0.0,0.0,2.0,2.0,1.0,1.0,2.0,1.0,1.0,2.0,0.0,1.0,1.0,1.0,0.0,0.0,1.0,2.0,0.0,0.0,2.0,0.0,0.0,2.0,1.0,2.0,0.0,2.0,0.0,1.0,0.0,0.0,2.0,0.0,1.0,0.0,1.0,2.0,0.0,2.0,2.0,0.0,1.0,1.0,2.0,2.0,2.0,1.0,0.0,0.0,1.0,0.0,0.0,0.0,2.0,1.0,0.0,2.0,2.0,0.0,1.0,2.0,2.0,1.0,0.0,0.0,2.0,2.0,2.0,0.0,1.0,0.0,1.0,2.0,1.0,0.0,0.0,0.0,2.0,1.0,1.0,1.0,0.0,2.0,1.0,0.0,1.0,2.0,2.0,0.0,2.0,1.0,2.0,0.0,0.0,2.0,1.0,0.0,1.0,2.0,2.0,1.0,0.0
40,0.0,1.0,2.0,2.0,1.0,2.0,1.0,0.0,1.0,2.0,1.0,1.0,0.0,2.0,0.0,2.0,2.0,0.0,2.0,1.0,0.0,2.0,0.0,1.0,2.0,1.0,1.0,2.0,2.0,1.0,2.0,2.0,2.0,1.0,0.0,2.0,1.0,1.0,0.0,1.0,0.0,0.0,0.0,1.0,1.0,1.0,1.0,1.0,1.0,1.0,2.0,1.0,1.0,0.0,0.0,1.0,1.0,1.0,1.0,1.0,0.0,1.0,0.0,1.0,2.0,1.0,1.0,1.0,2.0,2.0,1.0,2.0,0.0,0.0,0.27,2.0,0.0,1.0,2.0,0.0,1.0,1.0,0.0,1.0,0.0,1.0,2.0,2.0,0.0,1.0,0.0,1.0,1.0,0.0,0.0,0.0,1.0,0.0,1.0,2.0,2.0,2.0,1.0,2.0,1.0,2.0,2.0,1.0,0.0,1.0,1.0,2.0,0.0,2.0,1.0,1.0,1.0,2.0,1.0,1.0,1.0,1.0,0.0,0.0,2.0,1.0,1.0,1.0,0.0,2.0,1.0,0.0,0.0,0.0,1.0,0.0,2.0,2.0,1.0,2.0,2.0,1.0,2.0,1.0,0.0,1.0,1.0,2.0,0.0,1.0,0.0,1.0,2.0,1.0,1.0,0.0,0.0,1.0,1.0,1.0,1.0,0.0,1.0,2.0,1.0,2.0,1.0,1.0,2.0,0.0,2.0,0.0,1.0,1.0,1.0,1.0,1.0,1.0,2.0,0.0,1.0,1.0,1.0,2.0,2.0,2.0,0.0,0.0,2.0,0.0,1.0,0.0,1.0,2.0,0.0,1.0,0.0,1.0,1.0,1.0
41,1.0,2.0,1.0,2.0,2.0,0.0,1.0,1.0,1.0,2.0,1.0,0.0,1.0,1.0,0.0,1.0,1.0,0.0,2.0,2.0,0.0,2.0,0.0,0.0,2.0,2.0,2.0,2.0,2.0,1.0,2.0,2.0,1.0,1.0,1.0,1.0,2.0,2.0,1.0,0.0,1.0,0.0,1.0,0.0,1.0,2.0,2.0,2.0,1.0,1.0,1.0,0.0,1.0,0.0,1.0,1.0,0.0,2.0,2.0,0.0,0.0,0.0,0.0,2.0,1.0,0.0,1.0,1.0,1.0,2.0,1.0,2.0,1.0,0.0,2.0,1.0,0.0,1.0,2.0,0.0,2.0,0.0,0.0,0.0,0.0,2.0,2.0,0.0,1.0,1.0,0.0,1.0,2.0,0.0,1.0,2.0,2.0,1.0,1.0,1.0,2.0,2.0,1.0,2.0,2.0,1.0,2.0,0.0,1.0,2.0,0.0,1.0,0.0,2.0,2.0,0.0,0.0,2.0,1.0,1.0,2.0,2.0,2.0,0.0,1.0,0.0,0.0,0.0,0.0,2.0,0.0,1.0,1.0,1.0,2.0,1.0,1.0,1.0,1.0,1.0,2.0,1.0,1.0,1.0,2.0,0.0,1.0,1.0,0.0,1.0,0.0,0.0,2.0,0.0,2.0,1.0,1.0,2.0,2.0,1.0,1.0,1.0,0.0,2.0,0.0,2.0,1.0,1.0,1.0,0.0,2.0,2.0,0.0,1.0,1.0,2.0,2.0,0.0,2.0,0.0,2.0,2.0,0.0,2.0,2.0,2.0,0.0,2.0,1.0,1.0,1.0,1.0,2.0,1.0,0.0,0.0,1.0,2.0,2.0,0.0
42,0.0,2.0,2.0,2.0,1.0,1.0,2.0,1.0,1.0,2.0,2.0,1.0,1.0,1.4,0.0,0.0,1.0,0.0,2.0,2.0,1.0,2.0,2.0,0.0,2.0,2.0,0.0,1.0,2.0,0.0,2.0,1.0,1.0,1.0,1.0,2.0,1.0,2.0,0.0,0.0,2.0,0.0,0.0,0.0,0.0,2.0,2.0,1.0,1.0,1.0,1.0,0.0,1.0,1.0,1.0,2.0,1.0,2.0,0.0,1.0,1.0,0.0,1.0,0.0,1.0,1.0,1.0,0.0,0.0,2.0,0.0,1.0,1.0,0.0,2.0,1.0,1.0,0.0,2.0,1.0,1.0,1.0,0.0,0.0,0.0,1.0,2.0,1.0,1.0,0.0,0.0,1.0,2.0,0.0,0.0,1.0,1.0,1.0,0.0,1.0,1.0,2.0,1.0,0.0,1.0,1.0,2.0,2.0,1.0,1.0,2.0,1.0,0.0,2.0,2.0,1.0,0.0,2.0,1.0,0.0,1.0,2.0,1.0,0.0,2.0,0.0,2.0,0.0,1.0,2.0,1.0,1.0,0.0,0.0,2.0,2.0,1.0,1.0,0.0,2.0,0.0,0.0,0.0,0.0,1.0,0.0,2.0,0.0,0.0,1.0,0.0,1.0,1.0,1.0,1.0,0.0,0.0,2.0,1.0,0.0,2.0,1.0,0.0,2.0,0.0,2.0,0.0,0.0,0.0,0.0,2.0,0.0,0.0,1.0,2.0,2.0,2.0,1.0,1.0,0.0,2.0,0.0,0.0,2.0,2.0,2.0,0.0,1.0,2.0,1.0,2.0,2.0,2.0,2.0,1.0,1.0,1.0,2.0,1.0,0.0
43,1.0,2.0,2.0,2.0,0.0,2.0,2.0,2.0,1.0,2.0,0.0,1.0,2.0,2.0,0.0,0.0,2.0,0.0,2.0,2.0,0.0,1.0,2.0,2.0,2.0,2.0,0.0,1.0,2.0,0.0,2.0,2.0,2.0,1.0,2.0,1.0,0.0,2.0,2.0,1.0,0.0,0.0,2.0,0.0,2.0,1.0,2.0,1.0,0.0,2.0,2.0,0.0,2.0,0.0,0.0,0.0,0.0,2.0,2.0,0.0,0.0,0.0,0.0,0.0,1.0,0.0,0.0,2.0,1.0,2.0,0.0,1.0,0.0,0.0,1.0,2.0,1.0,1.0,2.0,0.0,2.0,2.0,0.0,1.0,0.0,1.0,2.0,0.0,0.0,2.0,0.0,0.0,2.0,1.0,0.0,2.0,0.0,0.0,2.0,2.0,1.0,1.0,0.0,2.0,1.0,2.0,2.0,0.0,0.0,1.0,1.0,0.0,0.0,2.0,2.0,1.0,0.0,2.0,1.0,0.0,2.0,2.0,2.0,0.0,2.0,0.0,2.0,1.0,2.0,1.0,0.0,0.0,0.0,1.0,1.0,1.0,2.0,2.0,1.0,2.0,0.0,2.0,1.0,1.0,2.0,0.0,0.0,1.0,0.0,1.0,0.0,2.0,0.0,0.0,2.0,1.0,0.0,2.0,2.0,2.0,1.0,1.0,1.0,2.0,1.0,2.0,1.0,0.0,0.0,0.0,1.0,2.0,0.0,1.0,0.0,2.0,2.0,1.0,2.0,1.0,1.0,2.0,0.0,0.0,2.0,2.0,0.0,1.0,2.0,1.0,0.0,1.0,2.0,2.0,0.0,0.0,2.0,2.0,1.0,0.0
44,1.0,2.0,2.0,2.0,2.0,0.0,0.0,2.0,2.0,2.0,1.0,1.0,2.0,1.0,2.0,0.0,2.0,0.0,2.0,1.0,0.0,2.0,2.0,1.0,2.0,2.0,2.0,1.0,2.0,1.0,2.0,2.0,1.0,2.0,2.0,1.0,1.0,2.0,0.0,1.0,1.0,0.0,0.0,0.0,1.0,1.0,2.0,1.0,1.0,1.0,0.0,0.0,1.0,0.0,0.0,0.0,0.0,2.0,1.0,0.0,2.0,0.0,0.0,2.0,1.0,0.0,1.0,2.0,0.0,2.0,0.0,0.0,0.0,0.0,1.0,2.0,0.0,2.0,2.0,0.0,2.0,2.0,0.0,2.0,0.0,2.0,1.0,0.0,0.0,1.0,0.0,1.0,1.0,1.0,0.0,2.0,2.0,0.0,0.0,2.0,1.0,2.0,0.0,1.0,1.0,0.0,2.0,0.0,1.0,2.0,0.0,0.0,0.0,2.0,2.0,2.0,0.0,2.0,0.0,0.0,2.0,2.0,2.0,0.0,1.0,0.0,1.0,1.0,2.0,1.0,0.0,0.0,0.0,2.0,1.0,1.0,1.0,2.0,2.0,2.0,1.0,2.0,1.0,0.0,1.0,1.0,0.0,1.0,0.0,0.0,0.0,2.0,2.0,0.0,2.0,2.0,1.0,0.0,2.0,2.0,0.0,0.0,0.0,1.0,0.0,2.0,2.0,0.0,1.0,0.0,1.0,0.0,1.0,0.0,0.0,2.0,2.0,0.0,2.0,0.0,0.0,0.0,0.0,2.0,2.0,2.0,0.0,2.0,2.0,1.0,0.0,1.0,2.0,2.0,1.0,1.0,2.0,2.0,1.0,0.0
45,0.0,2.0,1.0,2.0,1.0,1.0,0.0,0.0,0.0,2.0,1.0,1.0,2.0,1.0,0.0,1.0,2.0,0.0,2.0,2.0,0.0,2.0,1.0,0.0,2.0,1.0,0.0,1.0,0.0,0.0,1.0,1.0,2.0,0.0,1.0,1.0,2.0,2.0,2.0,0.0,1.0,1.0,1.0,0.0,2.0,0.0,2.0,1.0,1.0,2.0,2.0,0.0,2.0,2.0,1.0,1.0,2.0,2.0,1.0,1.0,1.0,0.0,0.0,0.0,1.0,1.0,1.0,1.0,0.0,2.0,1.0,2.0,0.0,0.0,1.0,2.0,1.0,0.0,2.0,0.0,2.0,1.0,0.0,0.0,0.0,2.0,1.0,2.0,0.0,0.0,0.0,0.0,1.0,0.0,2.0,1.0,2.0,1.0,0.0,1.0,1.0,1.0,1.0,1.0,0.0,2.0,2.0,1.0,0.0,1.0,2.0,1.0,0.0,2.0,2.0,0.0,0.0,2.0,1.0,0.0,1.0,2.0,1.0,0.0,2.0,0.0,1.0,0.0,1.0,2.0,0.0,0.0,0.0,1.0,2.0,1.0,1.0,2.0,1.0,2.0,0.0,1.0,0.0,2.0,0.0,0.0,0.0,2.0,0.0,1.0,0.0,1.0,2.0,1.0,1.0,0.0,0.0,1.0,2.0,1.0,1.0,1.0,0.0,2.0,1.0,2.0,1.0,0.0,1.0,0.0,2.0,1.0,0.0,1.0,1.0,2.0,1.0,1.0,1.0,0.0,0.0,1.0,0.0,1.0,2.0,2.0,0.0,0.0,2.0,1.0,0.0,0.0,2.0,1.0,1.0,0.0,1.0,1.0,2.0,0.0
46,1.0,2.0,2.0,2.0,1.0,0.0,1.0,1.0,1.0,2.0,0.0,1.0,1.0,2.0,0.0,0.0,2.0,0.0,2.0,2.0,0.0,2.0,1.0,1.0,2.0,2.0,1.0,2.0,2.0,0.0,2.0,2.0,0.0,0.0,0.0,1.0,1.0,2.0,1.0,0.0,0.0,0.0,0.0,0.0,0.0,2.0,2.0,2.0,2.0,0.0,2.0,0.0,2.0,0.0,1.0,1.0,0.0,1.0,2.0,1.0,0.0,0.0,0.0,2.0,1.0,1.0,2.0,2.0,0.0,2.0,0.0,2.0,2.0,0.0,1.0,1.0,0.0,1.0,1.0,0.0,1.0,2.0,0.0,0.0,0.0,1.0,2.0,1.0,2.0,1.0,0.0,0.0,1.0,0.0,0.0,0.0,1.0,0.0,1.0,2.0,2.0,2.0,1.0,1.0,1.0,2.0,2.0,0.0,1.0,1.0,1.0,2.0,0.0,2.0,2.0,2.0,0.0,2.0,0.0,0.0,2.0,2.0,2.0,0.0,2.0,0.0,1.0,0.0,0.0,0.0,0.0,2.0,0.0,1.0,2.0,0.0,1.0,2.0,1.0,2.0,1.0,0.0,1.0,2.0,1.0,2.0,0.0,2.0,0.0,2.0,0.0,1.0,2.0,0.0,2.0,1.0,0.0,1.0,2.0,2.0,0.0,0.0,0.0,0.0,0.0,2.0,0.0,2.0,0.0,0.0,2.0,2.0,0.0,0.0,1.0,2.0,1.0,1.0,2.0,0.0,1.0,2.0,0.0,0.0,2.0,1.0,0.0,2.0,0.0,2.0,1.0,0.0,2.0,0.0,0.0,0.0,1.0,2.0,1.0,1.0
47,0.0,2.0,2.0,2.0,2.0,0.0,2.0,1.0,1.0,2.0,1.0,0.0,0.0,0.0,1.0,0.0,2.0,0.0,2.0,2.0,0.0,2.0,1.0,1.0,1.0,2.0,1.0,1.0,1.0,1.0,2.0,2.0,1.0,1.0,2.0,0.0,2.0,2.0,1.0,0.0,0.0,0.0,0.0,0.0,0.0,2.0,2.0,1.0,1.0,0.0,2.0,0.0,1.0,0.0,0.0,1.0,0.0,2.0,2.0,1.0,0.0,0.0,0.0,1.0,2.0,1.0,2.0,2.0,1.0,2.0,1.0,1.0,1.0,0.0,1.0,1.0,1.0,1.0,1.0,0.0,1.0,1.0,1.0,0.0,0.0,2.0,2.0,1.0,1.0,1.0,0.0,0.0,2.0,0.0,0.0,0.0,2.0,0.0,2.0,2.0,1.0,2.0,0.0,2.0,0.0,2.0,2.0,0.0,2.0,0.0,1.0,1.0,0.0,2.0,2.0,0.0,0.0,2.0,1.0,0.0,2.0,2.0,2.0,0.0,2.0,0.0,2.0,0.0,1.0,1.0,0.0,1.0,0.0,0.0,1.0,1.0,2.0,2.0,1.0,2.0,2.0,1.0,1.0,0.0,2.0,0.0,2.0,0.0,0.0,1.0,0.0,2.0,2.0,0.0,2.0,1.0,0.0,1.0,2.0,2.0,1.0,1.0,0.0,1.0,0.0,2.0,1.0,1.0,0.0,0.0,2.0,2.0,0.0,0.0,1.0,2.0,1.0,1.0,2.0,0.0,1.0,1.0,0.0,0.0,2.0,2.0,0.0,2.0,2.0,2.0,1.0,0.0,2.0,2.0,0.0,0.0,2.0,2.0,1.0,0.0
48,0.0,2.0,2.0,2.0,2.0,1.0,1.0,2.0,1.0,2.0,0.0,0.0,2.0,0.0,1.0,1.0,2.0,0.0,2.0,2.0,0.0,1.0,1.0,2.0,1.0,1.0,2.0,2.0,1.0,0.0,2.0,1.0,1.0,0.0,2.0,2.0,2.0,2.0,1.0,1.0,0.0,0.0,0.0,0.0,0.0,2.0,2.0,2.0,1.0,0.0,0.0,1.0,1.0,0.0,0.0,0.0,0.0,2.0,0.0,0.0,1.0,1.0,0.0,1.0,2.0,0.0,0.0,2.0,1.0,2.0,1.0,1.0,1.0,0.0,1.0,1.0,2.0,2.0,2.0,0.0,1.0,1.0,1.0,2.0,0.0,2.0,1.0,0.0,1.0,2.0,0.0,2.0,2.0,0.0,0.0,1.0,1.0,0.0,1.0,2.0,1.0,1.0,0.0,2.0,1.0,0.0,2.0,0.0,1.0,0.0,1.0,0.0,0.0,2.0,2.0,0.0,0.0,2.0,0.0,0.0,2.0,1.0,2.0,0.0,2.0,0.0,1.0,0.0,0.0,2.0,0.0,1.0,0.0,0.0,1.0,0.0,1.0,2.0,0.0,1.0,1.0,1.0,2.0,2.0,2.0,0.0,0.0,1.0,0.0,2.0,0.0,1.0,1.0,0.0,2.0,0.0,0.0,0.0,2.0,2.0,2.0,1.0,0.0,2.0,1.0,2.0,1.0,0.0,0.0,1.0,2.0,1.0,0.0,0.0,0.0,1.0,2.0,1.0,1.0,0.0,1.0,1.0,0.0,1.0,2.0,2.0,0.0,2.0,2.0,0.0,0.0,0.0,2.0,2.0,0.0,0.0,1.0,1.0,2.0,1.0
49,0.0,1.0,2.0,1.0,1.0,0.0,1.0,0.0,1.0,2.0,0.0,2.0,2.0,1.18,2.0,1.0,2.0,0.0,2.0,2.0,0.0,1.0,0.0,0.0,2.0,2.0,0.0,2.0,2.0,1.0,2.0,1.0,2.0,0.0,2.0,1.0,2.0,2.0,1.0,1.0,1.0,0.0,0.0,0.0,1.0,1.0,2.0,1.0,0.0,1.0,0.0,0.0,2.0,2.0,2.0,1.0,0.0,2.0,1.0,0.0,0.0,0.0,0.0,0.0,1.0,0.0,1.0,1.0,0.0,2.0,0.0,0.0,1.0,0.0,1.0,0.0,2.0,1.0,1.0,0.0,1.0,1.0,0.0,0.0,0.0,1.0,2.0,0.0,1.0,1.0,1.0,0.0,2.0,0.0,0.0,0.0,2.0,0.0,0.0,1.0,1.0,2.0,1.0,0.0,0.0,0.0,2.0,0.0,1.0,0.0,1.0,0.0,0.0,1.0,2.0,1.0,0.0,2.0,0.0,2.0,2.0,0.0,2.0,0.0,2.0,1.0,1.0,0.0,1.0,2.0,2.0,1.0,0.0,0.0,2.0,2.0,2.0,1.0,0.0,2.0,1.0,2.0,0.0,1.0,1.0,0.0,2.0,1.0,0.0,2.0,0.0,1.0,1.0,0.0,2.0,0.0,0.0,1.0,2.0,1.0,1.0,0.0,0.0,2.0,0.0,2.0,0.0,0.0,1.0,1.0,2.0,2.0,0.0,2.0,1.0,2.0,2.0,0.0,2.0,0.0,2.0,0.0,0.0,1.0,2.0,1.0,0.0,0.0,1.0,2.0,0.0,0.0,2.0,2.0,0.0,1.0,1.0,2.0,2.0,0.0
50,0.0,2.0,2.0,2.0,2.0,1.0,2.0,0.0,1.0,2.0,1.0,0.0,1.0,1.0,1.0,0.0,2.0,0.0,2.0,2.0,0.0,2.0,2.0,0.0,2.0,2.0,1.0,2.0,2.0,1.0,2.0,2.0,1.0,0.0,1.0,1.0,1.0,2.0,2.0,2.0,0.0,0.0,0.0,0.0,1.0,1.0,2.0,1.0,2.0,1.0,2.0,0.0,2.0,1.0,1.0,0.0,0.0,2.0,2.0,0.0,0.0,0.0,0.0,1.0,2.0,0.0,0.0,1.0,2.0,2.0,0.0,1.0,1.0,0.0,1.0,1.0,0.0,0.0,2.0,0.0,2.0,1.0,1.0,0.0,0.0,2.0,2.0,0.0,1.0,2.0,0.0,0.0,2.0,0.0,0.0,0.0,2.0,1.0,2.0,2.0,2.0,1.0,1.0,0.0,2.0,2.0,1.0,0.0,0.0,0.0,0.0,1.0,0.0,2.0,2.0,0.0,0.0,2.0,0.0,1.0,1.0,2.0,1.0,0.0,2.0,0.0,2.0,0.0,0.0,2.0,0.0,1.0,0.0,0.0,1.0,0.0,2.0,1.0,1.0,1.0,2.0,2.0,2.0,2.0,1.0,0.0,0.0,1.0,0.0,2.0,0.0,1.0,2.0,0.0,2.0,2.0,1.0,2.0,2.0,2.0,2.0,1.0,0.0,2.0,2.0,2.0,0.0,0.0,0.0,0.0,2.0,1.0,0.0,0.0,2.0,1.0,2.0,1.0,1.0,0.0,1.0,1.0,0.0,1.0,2.0,2.0,0.0,1.0,1.0,0.0,0.0,0.0,1.0,2.0,0.0,1.0,2.0,2.0,2.0,1.0
51,0.0,2.0,2.0,2.0,2.0,2.0,1.0,2.0,1.0,2.0,2.0,0.0,0.0,2.0,0.0,0.0,2.0,0.0,2.0,1.0,0.0,2.0,0.0,1.0,2.0,2.0,1.0,2.0,1.0,0.0,2.0,2.0,1.0,0.0,1.0,0.0,2.0,2.0,1.0,0.0,1.0,0.0,1.0,0.0,0.0,1.0,2.0,1.0,1.0,0.0,1.0,0.0,2.0,0.0,0.0,0.0,0.0,2.0,2.0,0.0,0.0,0.0,1.0,2.0,1.0,0.0,2.0,2.0,2.0,2.0,1.0,2.0,1.0,0.0,1.0,2.0,0.0,2.0,1.0,0.0,2.0,2.0,1.0,0.0,0.0,1.0,1.0,0.0,1.0,0.0,0.0,1.0,1.0,0.0,0.0,1.0,2.0,1.0,1.0,2.0,1.0,2.0,0.0,2.0,0.0,1.0,2.0,0.0,0.0,0.0,0.0,1.0,0.0,2.0,2.0,1.0,0.0,2.0,0.0,0.0,2.0,2.0,1.0,0.0,2.0,0.0,1.0,0.0,2.0,1.0,0.0,1.0,0.0,0.0,1.0,2.0,0.0,2.0,1.0,2.0,2.0,2.0,1.0,1.0,1.0,0.0,1.0,1.0,0.0,2.0,0.0,2.0,2.0,0.0,2.0,1.0,0.0,1.0,2.0,1.0,2.0,1.0,0.0,1.0,0.0,2.0,1.0,1.0,1.0,0.0,2.0,1.0,0.0,1.0,1.0,2.0,2.0,1.0,1.0,0.0,1.0,1.0,0.0,0.0,2.0,1.0,0.0,2.0,1.0,1.0,0.0,0.0,2.0,2.0,0.0,1.0,1.0,2.0,2.0,0.0
52,0.0,2.0,1.0,2.0,2.0,1.0,2.0,2.0,1.0,2.0,1.0,0.0,1.0,2.0,0.0,1.0,2.0,0.0,2.0,2.0,0.0,1.0,2.0,0.0,2.0,1.0,0.0,2.0,1.0,1.0,2.0,2.0,2.0,0.0,1.0,1.0,2.0,2.0,2.0,0.0,0.0,0.0,0.0,0.0,2.0,1.0,2.0,0.0,0.0,2.0,0.0,1.0,2.0,1.0,0.0,0.0,0.0,2.0,1.0,0.0,0.0,1.0,0.0,1.0,1.0,0.0,0.0,1.0,2.0,2.0,0.0,2.0,1.0,0.0,2.0,2.0,2.0,2.0,2.0,0.0,0.0,1.0,1.0,0.0,0.0,0.0,2.0,0.0,1.0,0.0,0.0,1.0,2.0,0.0,0.0,1.0,1.0,0.0,2.0,1.0,2.0,1.0,1.0,1.0,0.0,0.0,2.0,0.0,0.0,0.0,0.0,0.0,0.0,2.0,2.0,1.0,0.0,2.0,0.0,0.0,2.0,2.0,2.0,0.0,1.0,0.0,0.0,1.0,0.0,1.0,0.0,1.0,0.0,0.0,2.0,0.0,2.0,2.0,1.0,2.0,1.0,1.0,2.0,2.0,1.0,0.0,0.0,1.0,0.0,2.0,0.0,1.0,2.0,0.0,2.0,2.0,0.0,1.0,2.0,2.0,1.0,0.0,0.0,1.0,1.0,2.0,0.0,2.0,0.0,0.0,2.0,0.0,0.0,0.0,1.0,2.0,2.0,0.0,2.0,0.0,2.0,1.0,0.0,1.0,2.0,1.0,0.0,1.0,2.0,0.0,2.0,1.0,2.0,0.0,0.0,0.0,2.0,2.0,2.0,0.0
53,0.0,2.0,2.0,2.0,2.0,1.0,0.0,1.0,1.0,2.0,0.0,1.0,2.0,0.0,1.0,0.0,2.0,0.0,2.0,1.0,0.0,1.0,2.0,1.0,2.0,2.0,1.0,2.0,0.0,1.0,2.0,2.0,1.0,0.0,0.0,1.0,1.0,2.0,1.0,1.0,0.0,0.0,0.0,0.0,2.0,1.0,2.0,2.0,1.0,2.0,2.0,0.0,1.0,1.0,0.0,1.0,0.0,2.0,1.0,0.0,0.0,0.0,0.0,0.0,1.0,0.0,0.0,0.0,2.0,2.0,1.0,2.0,1.0,0.0,1.0,2.0,1.0,0.0,2.0,0.0,2.0,1.0,1.0,0.0,0.0,1.0,2.0,0.0,1.0,2.0,0.0,2.0,2.0,1.0,0.0,2.0,2.0,0.0,0.0,1.0,1.0,1.0,0.0,2.0,2.0,2.0,2.0,0.0,1.0,1.0,0.0,2.0,0.0,2.0,2.0,0.0,0.0,2.0,0.0,0.0,2.0,2.0,2.0,0.0,2.0,0.0,2.0,0.0,1.0,2.0,0.0,1.0,0.0,1.0,0.0,0.0,1.0,1.0,1.0,1.0,1.0,2.0,1.0,2.0,1.0,0.0,0.0,1.0,0.0,2.0,0.0,1.0,2.0,0.0,1.0,2.0,0.0,1.0,1.0,2.0,0.0,0.0,0.0,2.0,2.0,2.0,0.0,0.0,0.0,0.0,1.0,0.0,0.0,0.0,1.0,2.0,2.0,0.0,2.0,0.0,2.0,1.0,0.0,1.0,2.0,2.0,0.0,1.0,0.0,1.0,0.0,2.0,2.0,0.0,0.0,1.0,1.0,2.0,2.0,0.0
54,1.0,2.0,2.0,1.0,1.0,0.0,1.0,1.0,1.0,2.0,1.0,1.0,1.0,0.0,1.0,0.0,2.0,1.0,2.0,2.0,0.0,1.0,1.0,0.0,2.0,2.0,0.0,2.0,2.0,1.0,2.0,2.0,1.0,0.0,1.0,2.0,0.0,2.0,2.0,0.0,1.0,0.0,1.0,0.0,1.0,1.0,2.0,2.0,1.0,1.0,0.0,1.0,1.0,1.0,0.0,0.0,0.0,2.0,2.0,0.0,0.0,1.0,0.0,2.0,1.0,0.0,0.0,1.0,1.0,2.0,1.0,1.0,0.0,0.0,1.0,2.0,1.0,2.0,2.0,0.0,1.0,1.0,1.0,2.0,0.0,2.0,2.0,0.0,0.0,0.0,0.0,1.0,1.0,0.0,0.0,1.0,1.0,0.0,2.0,0.0,2.0,2.0,1.0,1.0,1.0,0.0,2.0,0.0,2.0,1.0,0.0,0.0,0.0,1.0,2.0,1.0,1.0,2.0,1.0,0.0,1.0,1.0,2.0,0.0,1.0,0.0,1.0,1.0,1.0,1.0,0.0,0.0,0.0,0.0,1.0,0.0,0.0,1.0,1.0,1.0,1.0,1.0,1.0,2.0,1.0,0.0,1.0,2.0,0.0,1.0,0.0,1.0,2.0,0.0,2.0,1.0,0.0,0.0,2.0,2.0,1.0,0.0,1.0,1.0,1.0,2.0,0.0,1.0,0.0,1.0,2.0,1.0,0.0,1.0,1.0,2.0,1.0,0.0,2.0,0.0,1.0,2.0,0.0,1.0,2.0,1.0,0.0,1.0,1.0,0.0,1.0,1.0,1.0,0.0,0.0,0.0,2.0,2.0,1.0,0.0
55,0.0,2.0,1.0,2.0,2.0,2.0,1.0,2.0,0.0,2.0,1.0,0.0,0.0,0.0,1.0,1.0,2.0,0.0,2.0,2.0,0.0,2.0,1.0,1.0,2.0,2.0,0.0,2.0,2.0,2.0,2.0,2.0,0.0,0.0,0.0,2.0,1.0,2.0,1.0,0.0,0.0,0.0,0.0,0.0,0.0,2.0,2.0,0.0,2.0,0.0,2.0,0.0,1.0,0.0,1.0,0.0,0.0,2.0,1.0,0.0,0.0,0.0,0.0,1.0,1.0,0.0,2.0,0.0,2.0,2.0,1.0,2.0,1.0,0.0,1.0,2.0,2.0,1.0,2.0,0.0,1.0,1.0,1.0,0.0,0.0,1.0,2.0,0.0,1.0,1.0,0.0,0.0,2.0,1.0,0.0,1.0,2.0,0.0,1.0,2.0,1.0,2.0,1.0,1.0,2.0,2.0,2.0,0.0,0.0,1.0,0.0,1.0,0.0,2.0,2.0,1.0,0.0,2.0,0.0,0.0,2.0,1.0,2.0,0.0,0.0,0.0,1.0,0.0,1.0,2.0,0.0,1.0,0.0,0.0,2.0,1.0,2.0,2.0,0.0,2.0,0.0,1.0,2.0,1.0,1.0,0.0,1.0,1.0,0.0,2.0,0.0,1.0,2.0,0.0,2.0,2.0,0.0,1.0,2.0,1.0,2.0,1.0,0.0,2.0,1.0,2.0,0.0,1.0,1.0,1.0,1.0,1.0,0.0,0.0,1.0,2.0,2.0,1.0,2.0,0.0,2.0,2.0,0.0,2.0,2.0,2.0,0.0,1.0,2.0,0.0,2.0,0.0,2.0,1.0,0.0,0.0,2.0,2.0,2.0,0.0
56,0.0,2.0,1.0,2.0,2.0,0.0,2.0,2.0,0.0,2.0,2.0,0.0,2.0,1.0,2.0,0.0,2.0,0.0,2.0,2.0,0.0,2.0,0.0,1.0,2.0,2.0,1.0,2.0,1.0,2.0,2.0,2.0,1.0,0.0,2.0,0.0,0.0,2.0,0.0,0.0,1.0,0.0,0.0,0.0,0.0,2.0,2.0,1.0,1.0,0.0,0.0,1.0,2.0,0.0,0.0,1.0,0.0,2.0,2.0,0.0,0.0,1.0,0.0,2.0,2.0,1.0,2.0,2.0,0.0,2.0,0.0,1.0,1.0,0.0,1.0,1.0,1.0,1.0,1.0,0.0,2.0,1.0,0.0,0.0,0.0,2.0,2.0,1.0,1.0,0.0,0.0,1.0,2.0,0.0,0.0,1.0,2.0,0.0,2.0,1.0,1.0,2.0,1.0,2.0,1.0,0.0,2.0,0.0,1.0,1.0,0.0,0.0,0.0,2.0,2.0,0.0,0.0,2.0,0.0,0.0,2.0,2.0,2.0,0.0,2.0,0.0,0.0,0.0,0.0,2.0,0.0,1.0,0.0,0.0,1.0,0.0,2.0,2.0,0.0,2.0,0.0,1.0,2.0,2.0,1.0,0.0,2.0,1.0,0.0,0.0,1.0,0.0,2.0,0.0,2.0,0.0,0.0,0.0,2.0,0.0,2.0,0.0,0.0,2.0,1.0,2.0,1.0,0.0,0.0,0.0,2.0,2.0,1.0,2.0,1.0,2.0,1.0,0.0,2.0,0.0,1.0,1.0,0.0,1.0,2.0,2.0,0.0,2.0,1.0,0.0,0.0,0.0,2.0,2.0,0.0,0.0,0.0,2.0,1.0,1.0
57,1.0,2.0,2.0,2.0,2.0,2.0,2.0,1.0,1.0,2.0,0.0,1.0,1.0,1.0,0.0,0.0,1.0,0.0,2.0,1.0,0.0,2.0,2.0,0.0,1.0,2.0,1.0,2.0,1.0,1.0,2.0,2.0,1.0,0.0,0.0,1.0,0.0,2.0,1.0,0.0,1.0,0.0,0.0,0.0,1.0,0.0,2.0,2.0,0.0,1.0,2.0,1.0,1.0,0.0,0.0,0.0,0.0,1.0,1.0,0.0,0.0,1.0,0.0,2.0,1.0,0.0,0.0,0.0,2.0,2.0,0.0,1.0,0.0,0.0,1.0,2.0,1.0,1.0,2.0,0.0,2.0,1.0,0.0,0.0,0.0,2.0,2.0,0.0,0.0,1.0,0.0,2.0,2.0,0.0,0.0,1.0,0.0,0.0,1.0,2.0,0.0,2.0,1.0,1.0,2.0,2.0,2.0,0.0,2.0,1.0,1.0,1.0,0.0,2.0,2.0,0.0,1.0,2.0,1.0,1.0,1.0,2.0,1.0,0.0,2.0,0.0,1.0,1.0,1.0,2.0,0.0,0.0,0.0,0.0,0.0,1.0,1.0,1.0,1.0,2.0,0.0,2.0,1.0,2.0,2.0,0.0,1.0,0.0,0.0,0.0,0.0,2.0,2.0,0.0,2.0,1.0,1.0,1.0,2.0,2.0,1.0,1.0,1.0,2.0,1.0,2.0,1.0,1.0,0.0,0.0,2.0,1.0,0.0,1.0,1.0,2.0,2.0,0.0,2.0,0.0,1.0,1.0,0.0,0.0,2.0,2.0,0.0,1.0,1.0,0.0,1.0,1.0,2.0,2.0,0.0,0.0,2.0,2.0,2.0,0.0
58,2.0,2.0,1.0,2.0,1.0,0.0,1.0,0.0,2.0,2.0,1.0,2.0,1.0,0.0,1.0,0.0,1.0,0.0,1.0,2.0,0.0,2.0,1.0,1.0,1.0,2.0,1.0,1.0,2.0,1.0,2.0,1.0,1.0,1.0,2.0,0.0,1.0,2.0,1.0,0.0,0.0,0.0,1.0,0.0,0.0,1.0,2.0,1.0,0.0,0.0,2.0,0.0,0.0,0.0,1.0,0.0,0.0,2.0,1.0,0.0,0.0,0.0,0.0,0.0,2.0,0.0,0.0,2.0,0.0,2.0,0.0,2.0,0.0,0.0,0.0,1.0,0.0,2.0,2.0,0.0,2.0,1.0,0.0,2.0,0.0,2.0,2.0,0.0,0.0,0.0,0.0,0.0,1.0,0.0,0.0,1.0,2.0,0.0,0.0,2.0,0.0,2.0,0.0,1.0,0.0,2.0,2.0,0.0,1.0,1.0,0.0,1.0,0.0,2.0,2.0,1.0,0.0,2.0,1.0,1.0,1.0,2.0,2.0,0.0,2.0,0.0,1.0,2.0,1.0,1.0,0.0,0.0,0.0,1.0,2.0,1.0,2.0,2.0,2.0,2.0,0.0,2.0,2.0,1.0,2.0,1.0,0.0,0.0,0.0,1.0,0.0,2.0,1.0,0.0,2.0,0.0,0.0,0.0,2.0,2.0,2.0,1.0,0.0,1.0,1.0,2.0,0.0,0.0,0.0,0.0,2.0,1.0,0.0,1.0,2.0,2.0,2.0,1.0,2.0,0.0,0.0,1.0,0.0,0.0,2.0,1.0,0.0,1.0,2.0,1.0,0.0,1.0,2.0,2.0,0.0,0.0,2.0,2.0,1.0,0.0
59,1.0,2.0,1.0,2.0,2.0,1.0,1.0,1.0,2.0,2.0,1.0,1.0,1.0,0.77,0.0,2.0,2.0,0.0,2.0,2.0,0.0,2.0,1.0,1.0,2.0,2.0,1.0,1.0,2.0,0.0,2.0,2.0,0.0,0.0,1.0,2.0,1.0,2.0,1.0,1.0,0.0,0.0,0.0,0.0,2.0,0.0,2.0,2.0,2.0,2.0,0.0,0.0,2.0,1.0,0.0,1.0,0.0,2.0,2.0,0.0,0.0,0.0,0.0,1.0,1.0,0.0,1.0,1.0,1.0,2.0,1.0,0.0,0.0,0.0,1.0,2.0,1.0,2.0,2.0,0.0,1.0,1.0,0.0,0.0,0.0,1.0,2.0,0.0,0.0,1.0,0.0,1.0,2.0,0.0,0.0,1.0,2.0,0.0,0.0,2.0,2.0,0.0,1.0,1.0,1.0,0.0,2.0,0.0,2.0,0.0,2.0,0.0,0.0,2.0,2.0,2.0,0.0,2.0,1.0,0.0,1.0,2.0,2.0,0.0,2.0,0.0,2.0,1.0,0.0,1.0,0.0,0.0,0.0,1.0,1.0,0.0,2.0,2.0,2.0,2.0,0.0,2.0,2.0,1.0,0.0,0.0,0.0,1.0,0.0,1.0,0.0,2.0,2.0,0.0,2.0,1.0,1.0,1.0,2.0,2.0,1.0,2.0,0.0,2.0,1.0,2.0,1.0,0.0,0.0,0.0,2.0,1.0,0.0,0.0,0.0,1.0,2.0,1.0,2.0,0.0,2.0,1.0,0.0,0.0,2.0,1.0,0.0,2.0,2.0,0.0,0.0,1.0,1.0,2.0,0.0,0.0,1.0,2.0,2.0,0.0
60,2.0,2.0,1.0,2.0,2.0,0.0,0.0,0.0,1.0,2.0,2.0,0.0,1.0,1.0,1.0,0.0,1.0,0.0,2.0,1.0,0.0,1.0,2.0,1.0,2.0,2.0,0.0,2.0,2.0,2.0,2.0,1.0,0.0,1.0,1.0,1.0,1.0,2.0,1.0,1.0,0.0,0.0,1.0,0.0,1.0,2.0,2.0,2.0,1.0,1.0,1.0,0.0,0.0,1.0,1.0,0.0,0.0,2.0,2.0,1.0,0.0,0.0,0.0,1.0,2.0,0.0,2.0,1.0,1.0,2.0,1.0,1.0,1.0,0.0,2.0,1.0,1.0,1.0,2.0,0.0,2.0,1.0,0.0,2.0,0.0,2.0,2.0,0.0,1.0,0.0,0.0,1.0,2.0,0.0,0.0,0.0,2.0,0.0,0.0,2.0,2.0,1.0,2.0,2.0,1.0,1.0,1.0,0.0,1.0,0.0,0.0,0.0,2.0,1.0,2.0,0.0,0.0,2.0,0.0,1.0,0.0,2.0,2.0,0.0,2.0,0.0,0.0,1.0,0.0,1.0,0.0,1.0,0.0,0.0,1.0,1.0,0.0,2.0,1.0,2.0,0.0,1.0,2.0,2.0,1.0,0.0,1.0,1.0,0.0,0.0,0.0,1.0,2.0,0.0,1.0,1.0,0.0,1.0,2.0,1.0,0.0,0.0,0.0,1.0,0.0,2.0,1.0,1.0,0.0,0.0,2.0,1.0,0.0,0.0,1.0,2.0,2.0,2.0,2.0,0.0,1.0,0.0,0.0,0.0,2.0,2.0,0.0,1.0,2.0,0.0,1.0,0.0,2.0,1.0,0.0,1.0,1.0,2.0,1.0,0.0
61,0.0,2.0,1.0,2.0,2.0,1.0,0.0,2.0,2.0,2.0,1.0,0.0,1.0,0.0,1.0,0.0,2.0,0.0,2.0,1.0,0.0,2.0,1.0,1.0,1.0,2.0,1.0,2.0,2.0,0.0,2.0,1.0,1.0,1.0,2.0,2.0,1.0,2.0,2.0,0.0,1.0,0.0,0.0,0.0,0.0,1.0,2.0,2.0,2.0,0.0,1.0,0.0,2.0,0.0,1.0,0.0,0.0,1.0,2.0,0.0,0.0,0.0,0.0,1.0,2.0,0.0,2.0,2.0,1.0,2.0,0.0,1.0,1.0,0.0,2.0,2.0,1.0,2.0,0.0,0.0,0.0,1.0,1.0,1.0,0.0,0.0,2.0,0.0,1.0,1.0,0.0,0.0,2.0,0.0,0.0,0.0,2.0,0.0,1.0,2.0,1.0,2.0,0.0,1.0,0.0,1.0,2.0,0.0,1.0,1.0,1.0,1.0,0.0,2.0,2.0,1.0,0.0,2.0,1.0,0.0,1.0,2.0,1.0,0.0,2.0,0.0,1.0,0.0,1.0,0.0,0.0,1.0,0.0,0.0,1.0,1.0,2.0,2.0,2.0,2.0,1.0,2.0,2.0,2.0,2.0,0.0,1.0,1.0,0.0,1.0,0.0,0.0,2.0,0.0,2.0,1.0,1.0,0.0,2.0,1.0,0.0,1.0,0.0,0.0,0.0,2.0,0.0,0.0,0.0,0.0,2.0,2.0,0.0,1.0,2.0,2.0,2.0,1.0,2.0,0.0,2.0,1.0,0.0,1.0,2.0,2.0,0.0,2.0,1.0,1.0,1.0,0.0,2.0,1.0,0.0,0.0,1.0,2.0,2.0,0.0
62,0.0,1.0,2.0,2.0,1.0,0.0,0.0,0.0,0.0,2.0,0.0,1.0,2.0,2.0,1.0,1.0,2.0,0.0,2.0,1.0,0.0,2.0,1.0,1.0,2.0,1.0,0.0,2.0,1.0,1.0,2.0,1.0,2.0,0.0,0.0,1.0,1.0,2.0,1.0,0.0,2.0,0.0,0.0,0.0,1.0,1.0,2.0,1.0,1.0,1.0,2.0,0.0,2.0,1.0,2.0,0.0,1.0,2.0,0.0,0.0,2.0,0.0,0.0,1.0,1.0,0.0,1.0,0.0,1.0,2.0,1.0,1.0,1.0,0.0,1.0,2.0,1.0,0.0,2.0,0.0,1.0,0.0,1.0,0.0,0.0,2.0,2.0,2.0,1.0,0.0,0.0,0.0,2.0,1.0,2.0,2.0,2.0,2.0,0.0,2.0,2.0,0.0,0.0,0.0,0.0,2.0,2.0,0.0,1.0,1.0,0.0,1.0,0.0,2.0,2.0,1.0,1.0,2.0,1.0,1.0,0.0,1.0,0.0,0.0,2.0,0.0,1.0,0.0,2.0,2.0,2.0,1.0,0.0,1.0,1.0,2.0,2.0,1.0,0.0,2.0,0.0,1.0,1.0,1.0,0.0,0.0,1.0,1.0,0.0,2.0,0.0,2.0,2.0,2.0,1.0,0.0,0.0,0.0,1.0,2.0,1.0,1.0,1.0,2.0,1.0,2.0,0.0,0.0,1.0,1.0,0.0,1.0,1.0,0.0,1.0,2.0,1.0,0.0,2.0,1.0,1.0,0.0,0.0,1.0,2.0,1.0,0.0,2.0,2.0,1.0,2.0,0.0,2.0,2.0,0.0,1.0,0.0,1.0,1.0,1.0
63,0.0,2.0,1.0,2.0,2.0,1.0,2.0,1.0,2.0,2.0,1.0,1.0,1.0,1.0,0.0,0.0,2.0,0.0,2.0,2.0,0.0,1.0,2.0,0.0,2.0,2.0,0.0,2.0,2.0,2.0,2.0,1.0,2.0,0.0,2.0,0.0,2.0,2.0,1.0,2.0,0.0,0.0,0.0,0.0,1.0,0.0,2.0,1.0,1.0,1.0,1.0,0.0,2.0,0.0,1.0,0.0,0.0,2.0,1.0,0.0,0.0,0.0,1.0,0.0,0.0,0.0,1.0,2.0,1.0,2.0,0.0,2.0,0.0,0.0,1.0,1.0,0.0,2.0,1.0,0.0,2.0,0.0,1.0,0.0,0.0,1.0,2.0,0.0,0.0,0.0,0.0,0.0,0.0,0.0,0.0,1.0,2.0,1.0,2.0,2.0,1.0,0.0,0.0,2.0,1.0,1.0,2.0,0.0,0.0,0.0,1.0,0.0,0.0,2.0,2.0,1.0,0.0,2.0,1.0,0.0,2.0,2.0,2.0,0.0,2.0,0.0,1.0,1.0,2.0,2.0,1.0,0.0,0.0,0.0,2.0,1.0,1.0,2.0,2.0,1.0,0.0,2.0,1.0,2.0,0.0,1.0,1.0,0.0,0.0,1.0,0.0,2.0,2.0,0.0,2.0,1.0,1.0,0.0,2.0,1.0,0.0,0.0,0.0,2.0,2.0,2.0,0.0,2.0,0.0,0.0,2.0,2.0,0.0,0.0,2.0,2.0,2.0,0.0,2.0,0.0,1.0,0.0,0.0,1.0,2.0,1.0,0.0,1.0,2.0,0.0,0.0,1.0,1.0,2.0,0.0,0.0,1.0,2.0,1.0,0.0
64,1.0,2.0,1.0,2.0,1.0,1.0,2.0,1.0,1.0,2.0,2.0,0.0,1.0,1.0,0.0,0.0,2.0,0.0,2.0,2.0,0.0,1.0,1.0,0.0,2.0,2.0,1.0,1.0,2.0,1.0,2.0,2.0,0.0,0.0,2.0,0.0,2.0,2.0,2.0,0.0,0.0,0.0,1.0,0.0,1.0,1.0,2.0,1.0,1.0,1.0,1.0,0.0,2.0,0.0,2.0,0.0,0.0,2.0,1.0,0.0,0.0,0.0,0.0,0.0,0.0,0.0,1.0,2.0,1.0,2.0,0.0,1.0,0.0,0.0,2.0,2.0,2.0,1.0,1.0,0.0,2.0,1.0,1.0,1.0,0.0,1.0,2.0,1.0,0.0,1.0,0.0,0.0,1.0,0.0,0.0,0.0,2.0,1.0,2.0,2.0,1.0,1.0,0.0,1.0,1.0,1.0,2.0,0.0,2.0,0.0,1.0,0.0,0.0,2.0,2.0,0.0,0.0,2.0,0.0,0.0,1.0,1.0,1.0,0.0,2.0,0.0,1.0,0.0,1.0,1.0,0.0,0.0,0.0,0.0,2.0,2.0,2.0,2.0,1.0,2.0,2.0,1.0,2.0,2.0,1.0,0.0,0.0,1.0,0.0,1.0,0.0,2.0,2.0,0.0,2.0,1.0,0.0,1.0,2.0,2.0,1.0,0.0,0.0,1.0,0.0,2.0,0.0,1.0,2.0,0.0,2.0,1.0,1.0,1.0,1.0,2.0,1.0,0.0,2.0,0.0,0.0,1.0,0.0,0.0,2.0,2.0,0.0,0.0,1.0,0.0,0.0,0.0,2.0,1.0,0.0,0.0,2.0,2.0,0.0,0.0
65,1.0,2.0,2.0,2.0,2.0,1.0,1.0,1.0,2.0,2.0,2.0,1.0,1.0,0.0,1.0,0.0,2.0,0.0,2.0,1.0,0.0,2.0,2.0,1.0,2.0,2.0,2.0,2.0,1.0,1.0,2.0,2.0,1.0,2.0,2.0,1.0,2.0,2.0,1.0,1.0,1.0,0.0,0.0,0.0,1.0,1.0,2.0,2.0,1.0,1.0,1.0,0.0,1.0,1.0,2.0,0.0,0.0,2.0,2.0,0.0,1.0,0.0,0.0,2.0,1.0,0.0,2.0,2.0,1.0,2.0,0.0,1.0,0.0,0.0,1.0,2.0,0.0,1.0,2.0,0.0,1.0,2.0,1.0,0.0,0.0,1.0,1.0,0.0,0.0,2.0,0.0,1.0,1.0,0.0,0.0,1.0,2.0,2.0,1.0,2.0,2.0,2.0,0.0,1.0,0.0,1.0,2.0,0.0,2.0,1.0,0.0,1.0,0.0,2.0,2.0,1.0,0.0,2.0,1.0,0.0,1.0,2.0,1.0,0.0,2.0,0.0,1.0,0.0,2.0,1.0,0.0,0.0,0.0,1.0,1.0,1.0,0.0,2.0,2.0,2.0,2.0,1.0,2.0,1.0,2.0,1.0,0.0,2.0,0.0,1.0,0.0,2.0,2.0,0.0,2.0,2.0,0.0,0.0,2.0,2.0,2.0,1.0,0.0,1.0,0.0,2.0,1.0,0.0,0.0,0.0,2.0,2.0,1.0,0.0,1.0,2.0,2.0,1.0,2.0,0.0,0.0,1.0,0.0,0.0,2.0,1.0,0.0,1.0,1.0,2.0,1.0,1.0,2.0,1.0,1.0,0.0,2.0,2.0,1.0,0.0
66,2.0,2.0,1.0,2.0,2.0,1.0,0.0,2.0,2.0,2.0,2.0,2.0,1.0,0.0,1.0,0.0,2.0,0.0,2.0,1.0,0.0,2.0,2.0,1.0,2.0,2.0,0.0,2.0,2.0,1.0,2.0,1.0,2.0,1.0,1.0,2.0,0.0,2.0,0.0,1.0,0.0,0.0,1.0,0.0,0.0,2.0,2.0,1.0,1.0,0.0,2.0,1.0,0.0,1.0,0.0,0.0,0.0,2.0,1.0,0.0,1.0,1.0,1.0,1.0,1.0,0.0,1.0,1.0,1.0,2.0,0.0,0.0,0.0,0.0,0.0,1.0,1.0,2.0,2.0,0.0,1.0,1.0,0.0,0.0,0.0,0.0,2.0,0.0,0.0,1.0,0.0,0.0,1.0,0.0,0.0,1.0,1.0,0.0,0.0,2.0,0.0,2.0,0.0,2.0,2.0,2.0,2.0,0.0,1.0,1.0,1.0,1.0,0.0,2.0,2.0,1.0,0.0,2.0,1.0,0.0,2.0,2.0,2.0,0.0,1.0,0.0,1.0,2.0,0.0,1.0,0.0,0.0,0.0,0.0,2.0,1.0,2.0,2.0,1.0,2.0,0.0,1.0,1.0,1.0,2.0,0.0,1.0,0.0,0.0,0.0,0.0,2.0,2.0,0.0,2.0,1.0,1.0,2.0,1.0,2.0,1.0,1.0,0.0,1.0,0.0,2.0,1.0,0.0,0.0,0.0,2.0,1.0,1.0,2.0,1.0,2.0,2.0,2.0,1.0,0.0,2.0,2.0,0.0,1.0,2.0,2.0,0.0,2.0,2.0,1.0,1.0,0.0,2.0,1.0,0.0,0.0,1.0,1.0,1.0,0.0
67,1.0,2.0,1.0,2.0,2.0,1.0,2.0,1.0,1.0,2.0,2.0,0.0,1.0,2.0,0.0,2.0,2.0,0.0,2.0,2.0,0.0,2.0,0.0,0.0,2.0,2.0,1.0,2.0,2.0,1.0,2.0,2.0,0.0,0.0,0.0,1.0,1.0,1.0,0.0,1.0,0.0,0.0,0.0,1.0,2.0,2.0,1.0,1.0,1.0,2.0,1.0,0.0,2.0,1.0,0.0,1.0,0.0,2.0,2.0,1.0,1.0,0.0,1.0,0.0,2.0,1.0,2.0,0.0,2.0,2.0,0.0,1.0,2.0,0.0,1.0,2.0,1.0,0.0,2.0,1.0,2.0,1.0,1.0,1.0,0.0,2.0,2.0,0.0,2.0,1.0,0.0,1.0,1.0,0.0,0.0,0.0,2.0,0.0,0.0,1.0,2.0,2.0,1.0,2.0,1.0,1.0,2.0,1.0,0.0,0.0,0.0,0.0,0.0,2.0,0.0,2.0,0.0,2.0,0.0,0.0,0.0,2.0,2.0,0.0,0.0,0.0,0.0,0.0,1.0,2.0,1.0,2.0,1.0,1.0,1.0,0.0,1.0,2.0,0.0,2.0,0.0,0.0,2.0,0.0,0.0,0.0,2.0,2.0,0.0,2.0,0.0,1.0,2.0,0.0,2.0,1.0,0.0,1.0,2.0,1.0,1.0,0.0,1.0,2.0,0.0,2.0,0.0,0.0,1.0,0.0,2.0,0.0,1.0,1.0,0.0,2.0,2.0,0.0,2.0,0.0,0.0,0.0,0.0,1.0,2.0,1.0,0.0,1.0,2.0,1.0,0.0,0.0,2.0,2.0,0.0,0.0,0.0,2.0,1.0,0.0
68,1.0,1.0,1.0,2.0,1.0,2.0,2.0,0.0,2.0,2.0,1.0,1.0,1.0,2.0,0.0,1.0,2.0,0.0,2.0,1.0,1.0,1.0,0.0,0.0,2.0,2.0,2.0,2.0,2.0,2.0,2.0,2.0,1.0,0.0,0.0,1.0,1.0,2.0,0.0,0.0,0.0,0.0,0.0,0.0,1.0,2.0,1.0,2.0,2.0,1.0,2.0,0.0,1.0,0.0,1.0,1.0,0.0,0.0,1.0,1.0,0.0,0.0,0.0,1.0,2.0,1.0,1.0,1.0,2.0,2.0,1.0,2.0,1.0,0.0,1.0,2.0,1.0,1.0,2.0,0.0,2.0,1.0,0.0,2.0,0.0,2.0,2.0,1.0,1.0,0.0,0.0,1.0,2.0,0.0,0.0,0.0,1.0,1.0,1.0,1.0,2.0,2.0,0.0,0.0,0.0,2.0,2.0,0.0,0.0,1.0,0.0,1.0,0.0,2.0,1.0,1.0,1.0,2.0,0.0,0.0,0.0,1.0,1.0,0.0,1.0,0.0,1.0,1.0,2.0,1.0,0.0,1.0,1.0,0.0,1.0,1.0,1.0,2.0,1.0,2.0,0.0,1.0,1.0,1.0,0.0,1.0,2.0,2.0,0.0,1.0,1.0,1.0,2.0,0.0,1.0,1.0,0.0,1.0,2.0,1.0,0.0,0.0,0.0,1.0,1.0,2.0,0.0,0.0,0.0,0.0,2.0,1.0,0.0,1.0,2.0,2.0,2.0,0.0,2.0,0.0,0.0,0.0,0.0,0.0,2.0,2.0,0.0,1.0,2.0,0.0,1.0,0.0,2.0,2.0,0.0,1.0,0.0,1.0,2.0,0.0
69,1.0,1.0,2.0,2.0,0.0,1.0,2.0,1.0,0.0,2.0,1.0,0.0,1.0,0.0,0.0,1.0,2.0,0.0,2.0,1.0,1.0,2.0,1.0,1.0,2.0,2.0,0.0,2.0,1.0,1.0,2.0,2.0,1.0,0.0,0.0,1.0,2.0,2.0,0.0,1.0,0.0,0.0,0.0,1.0,0.0,1.0,1.0,2.0,1.0,0.0,2.0,0.0,2.0,0.0,1.0,1.0,0.0,1.0,0.0,1.0,0.0,0.0,0.0,0.0,2.0,0.0,2.0,0.0,2.0,2.0,0.0,1.0,1.0,0.0,2.0,2.0,0.0,1.0,2.0,0.0,2.0,0.0,0.0,1.0,0.0,1.0,0.0,1.0,1.0,0.0,0.0,0.0,2.0,0.0,0.0,1.0,1.0,0.0,1.0,1.0,2.0,2.0,1.0,1.0,0.0,2.0,2.0,2.0,0.0,2.0,0.0,0.0,0.0,2.0,2.0,1.0,1.0,2.0,2.0,1.0,2.0,2.0,0.0,0.0,1.0,0.0,0.0,1.0,0.0,1.0,2.0,1.0,0.0,1.0,2.0,0.0,1.0,2.0,0.0,2.0,1.0,1.0,2.0,1.0,0.0,0.0,2.0,2.0,0.0,2.0,1.0,1.0,2.0,0.0,1.0,1.0,0.0,1.0,1.0,0.0,2.0,0.0,0.0,1.0,0.0,2.0,0.0,1.0,1.0,0.0,2.0,1.0,1.0,0.0,1.0,0.0,1.0,0.0,2.0,0.0,1.0,0.0,1.0,1.0,2.0,2.0,0.0,2.0,2.0,0.0,2.0,1.0,2.0,2.0,0.0,1.0,1.0,2.0,2.0,0.0
70,2.0,1.0,2.0,2.0,1.0,2.0,2.0,2.0,1.0,2.0,2.0,0.0,1.0,2.0,0.0,1.0,2.0,0.0,2.0,2.0,1.0,2.0,0.0,0.0,2.0,2.0,2.0,2.0,1.0,2.0,2.0,2.0,2.0,0.0,1.0,1.0,2.0,1.0,1.0,2.0,0.0,0.0,0.0,1.0,2.0,1.0,2.0,0.0,1.0,2.0,1.0,1.0,2.0,0.0,0.0,2.0,1.0,0.0,2.0,0.0,0.0,1.0,0.0,1.0,2.0,0.0,1.0,1.0,2.0,2.0,1.0,2.0,1.0,0.0,2.0,2.0,2.0,0.0,2.0,0.0,1.0,0.0,1.0,1.0,0.0,2.0,1.0,0.0,1.0,0.0,0.0,1.0,1.0,0.0,0.0,0.0,2.0,1.0,2.0,1.0,2.0,2.0,0.0,2.0,1.0,1.0,2.0,1.0,0.0,0.0,1.0,1.0,0.0,2.0,1.0,2.0,1.0,2.0,1.0,1.0,0.0,2.0,1.0,0.0,2.0,1.0,0.0,0.0,1.0,2.0,1.0,1.0,1.0,0.0,0.0,1.0,1.0,1.0,0.0,2.0,0.0,0.0,1.0,1.0,1.0,0.0,2.0,1.0,0.0,1.0,0.0,1.0,2.0,1.0,2.0,2.0,0.0,0.0,2.0,2.0,1.0,0.0,0.0,2.0,2.0,2.0,0.0,1.0,0.0,0.0,2.0,2.0,1.0,1.0,2.0,1.0,1.0,0.0,2.0,0.0,1.0,0.0,0.0,2.0,2.0,0.0,0.0,1.0,2.0,2.0,1.0,0.0,2.0,2.0,2.0,0.0,0.0,2.0,1.0,0.0
71,0.0,2.0,2.0,2.0,1.0,1.0,0.0,1.0,1.0,2.0,1.0,2.0,1.0,1.0,2.0,0.0,1.0,0.0,2.0,2.0,0.0,1.33,2.0,0.0,2.0,2.0,1.0,2.0,1.0,0.0,1.0,1.0,2.0,0.0,0.0,1.0,1.0,2.0,1.0,1.0,1.0,0.0,0.0,0.0,1.0,1.0,2.0,0.0,1.0,1.0,1.0,0.0,1.0,2.0,1.0,1.0,1.0,2.0,0.0,0.0,1.0,0.0,0.0,0.0,0.0,1.0,2.0,0.0,1.0,1.0,0.0,0.0,1.0,0.0,2.0,0.0,2.0,0.0,2.0,0.0,1.0,0.0,0.0,2.0,1.0,2.0,2.0,1.0,1.0,2.0,0.0,0.0,1.0,1.0,0.0,2.0,2.0,0.0,0.0,1.0,2.0,2.0,1.0,2.0,1.0,1.0,1.0,1.0,1.0,1.0,1.0,2.0,0.0,2.0,2.0,1.0,0.0,2.0,1.0,1.0,2.0,1.0,0.0,1.0,1.0,1.0,1.0,0.0,1.0,2.0,0.0,1.0,0.0,2.0,2.0,1.0,0.0,2.0,0.0,1.0,1.0,1.0,0.0,1.0,2.0,1.0,1.0,1.0,1.0,2.0,0.0,2.0,2.0,0.0,2.0,2.0,0.0,1.0,2.0,1.0,0.0,1.0,0.0,2.0,0.0,2.0,0.0,1.0,0.0,1.0,1.0,2.0,0.0,1.0,1.0,1.0,1.0,0.0,2.0,0.0,1.0,2.0,1.0,1.0,2.0,1.0,0.0,2.0,1.0,2.0,1.0,0.0,2.0,2.0,0.0,0.0,2.0,2.0,1.0,0.0
72,1.0,2.0,1.0,2.0,1.0,1.0,1.0,2.0,1.0,2.0,0.0,2.0,1.0,1.0,1.0,0.0,2.0,0.0,2.0,1.0,0.0,1.0,2.0,1.0,2.0,2.0,1.0,1.0,2.0,1.0,2.0,2.0,0.0,2.0,0.0,2.0,1.0,2.0,2.0,1.0,0.0,0.0,1.0,0.0,1.0,1.0,2.0,0.0,1.0,1.0,2.0,0.0,1.0,0.0,1.0,0.0,0.0,1.0,2.0,0.0,1.0,0.0,0.0,1.0,1.0,0.0,1.0,0.0,1.0,2.0,1.0,1.0,1.0,0.0,2.0,2.0,1.0,1.0,2.0,0.0,2.0,1.0,2.0,0.0,0.0,2.0,2.0,0.0,1.0,2.0,0.0,1.0,2.0,0.0,0.0,1.0,1.0,0.0,1.0,2.0,2.0,1.0,1.0,2.0,1.0,2.0,1.0,0.0,2.0,1.0,1.0,0.0,1.0,2.0,2.0,1.0,1.0,2.0,1.0,0.0,2.0,2.0,2.0,0.0,2.0,0.0,2.0,1.0,2.0,1.0,0.0,1.0,0.0,0.0,2.0,1.0,2.0,1.0,2.0,2.0,1.0,2.0,1.0,1.0,1.0,0.0,1.0,0.0,0.0,2.0,0.0,1.0,2.0,0.0,2.0,0.0,1.0,2.0,2.0,2.0,1.0,0.0,0.0,1.0,0.0,2.0,0.0,0.0,0.0,0.0,2.0,1.0,0.0,1.0,1.0,2.0,2.0,2.0,0.0,0.0,1.0,1.0,0.0,1.0,2.0,2.0,0.0,2.0,1.0,1.0,0.0,0.0,2.0,2.0,0.0,0.0,2.0,2.0,1.0,0.0
73,1.0,2.0,2.0,2.0,1.0,2.0,1.0,0.0,1.0,2.0,1.0,0.0,1.0,1.0,1.0,1.0,2.0,0.0,2.0,2.0,0.0,2.0,1.0,0.0,2.0,2.0,1.0,2.0,2.0,1.0,1.0,2.0,1.0,0.0,1.0,2.0,2.0,2.0,0.0,2.0,0.0,0.0,0.0,1.0,1.0,1.0,2.0,2.0,2.0,2.0,1.0,0.0,2.0,2.0,1.0,0.0,1.0,2.0,1.0,1.0,1.0,0.0,0.0,2.0,1.0,0.0,2.0,1.0,2.0,1.0,0.0,1.0,0.0,0.0,1.0,2.0,0.0,1.0,2.0,1.0,1.0,1.0,0.0,0.0,0.0,2.0,1.0,0.0,0.0,1.0,0.0,0.0,2.0,0.0,0.0,1.0,2.0,0.0,0.0,1.0,2.0,0.0,0.0,1.0,0.0,1.0,2.0,1.0,1.0,1.0,0.0,1.0,0.0,2.0,2.0,2.0,0.0,2.0,0.0,0.0,0.0,2.0,2.0,0.0,1.0,0.0,2.0,0.0,1.0,1.0,0.0,0.0,1.0,0.0,1.0,0.0,2.0,2.0,1.0,2.0,0.0,2.0,1.0,0.0,0.0,0.0,0.0,1.0,0.0,1.0,0.0,1.0,2.0,1.0,2.0,2.0,0.0,2.0,2.0,2.0,1.0,1.0,0.0,1.0,1.0,2.0,1.0,0.0,0.0,0.0,2.0,0.0,1.0,2.0,2.0,0.0,2.0,2.0,0.0,0.0,2.0,0.0,0.0,1.0,2.0,0.0,0.0,1.0,2.0,1.0,0.0,0.0,2.0,2.0,0.0,0.0,2.0,2.0,2.0,0.0
74,1.0,2.0,2.0,2.0,1.0,1.0,1.0,1.0,1.0,2.0,0.0,1.0,1.0,0.0,1.0,1.0,2.0,0.0,2.0,0.0,0.0,2.0,1.0,2.0,2.0,2.0,0.0,2.0,2.0,1.0,2.0,2.0,1.0,1.0,2.0,2.0,0.0,2.0,2.0,1.0,0.0,0.0,1.0,0.0,1.0,0.0,2.0,1.0,1.0,1.0,0.0,0.0,1.0,1.0,0.0,0.0,0.0,2.0,1.0,1.0,0.0,0.0,0.0,0.0,1.0,0.0,1.0,2.0,1.0,2.0,0.0,2.0,0.0,0.0,1.0,1.0,1.0,2.0,1.0,0.0,2.0,1.0,0.0,1.0,0.0,2.0,2.0,0.0,0.0,1.0,0.0,1.0,1.0,0.0,1.0,1.0,1.0,1.0,1.0,2.0,0.0,0.0,1.0,0.0,1.0,0.0,2.0,0.0,0.0,2.0,0.0,1.0,0.0,2.0,2.0,1.0,0.0,2.0,0.0,0.0,2.0,2.0,2.0,0.0,2.0,0.0,2.0,1.0,0.0,2.0,0.0,0.0,0.0,1.0,1.0,2.0,2.0,2.0,1.0,2.0,1.0,1.0,0.0,0.0,0.0,0.0,1.0,0.0,0.0,1.0,0.0,1.0,2.0,0.0,2.0,0.0,1.0,1.0,2.0,1.0,1.0,1.0,0.0,2.0,0.0,2.0,0.0,1.0,0.0,0.0,2.0,2.0,1.0,2.0,0.0,2.0,2.0,1.0,2.0,0.0,0.0,1.0,0.0,0.0,2.0,0.0,0.0,2.0,2.0,1.0,1.0,0.0,2.0,1.0,0.0,0.0,2.0,2.0,1.0,0.0
75,0.0,2.0,2.0,2.0,1.0,2.0,1.0,2.0,2.0,2.0,1.0,0.0,0.0,2.0,0.0,0.0,1.0,0.0,2.0,2.0,0.0,1.0,1.0,0.0,2.0,2.0,1.0,2.0,1.0,2.0,2.0,2.0,1.0,0.0,2.0,1.0,2.0,2.0,2.0,1.0,0.0,0.0,1.0,0.0,1.0,0.0,2.0,0.0,2.0,1.0,1.0,0.0,2.0,0.0,0.0,0.0,0.0,2.0,0.0,0.0,0.0,0.0,0.0,1.0,1.0,0.0,0.0,2.0,1.0,2.0,0.0,2.0,0.0,0.0,0.0,2.0,2.0,1.0,1.0,0.0,0.0,1.0,0.0,0.0,0.0,2.0,2.0,0.0,0.0,2.0,0.0,0.0,2.0,0.0,0.0,1.0,2.0,2.0,1.0,2.0,2.0,1.0,1.0,2.0,0.0,1.0,1.0,1.0,2.0,0.0,0.0,1.0,0.0,2.0,2.0,0.0,0.0,2.0,0.0,1.0,2.0,2.0,2.0,0.0,2.0,0.0,0.0,0.0,2.0,2.0,1.0,0.0,0.0,1.0,1.0,2.0,2.0,1.0,2.0,2.0,0.0,1.0,0.0,2.0,0.0,0.0,0.0,2.0,0.0,1.0,0.0,0.0,2.0,0.0,2.0,1.0,0.0,2.0,2.0,2.0,0.0,0.0,0.0,2.0,0.0,2.0,0.0,1.0,1.0,0.0,2.0,1.0,0.0,1.0,1.0,2.0,2.0,0.0,2.0,0.0,2.0,2.0,0.0,0.0,2.0,2.0,0.0,1.0,2.0,0.0,0.0,1.0,2.0,1.0,0.0,0.0,2.0,2.0,2.0,0.0
76,1.0,2.0,2.0,2.0,1.0,1.0,2.0,1.0,1.0,2.0,1.0,0.0,2.0,0.0,1.0,2.0,2.0,0.0,2.0,1.0,0.0,2.0,2.0,0.0,2.0,2.0,0.0,1.0,2.0,1.0,2.0,1.0,1.0,2.0,2.0,2.0,1.0,2.0,0.0,1.0,0.0,0.0,1.0,0.0,0.0,2.0,2.0,2.0,1.0,0.0,1.0,0.0,0.0,0.0,0.0,1.0,0.0,1.0,0.0,1.0,0.0,0.0,0.0,2.0,1.0,0.0,1.0,2.0,2.0,2.0,0.0,1.0,0.0,1.0,2.0,2.0,1.0,2.0,2.0,0.0,1.0,1.0,1.0,0.0,0.0,2.0,2.0,1.0,0.0,1.0,0.0,1.0,0.0,0.0,0.0,1.0,2.0,0.0,1.0,1.0,2.0,1.0,0.0,2.0,1.0,1.0,1.0,0.0,1.0,0.0,1.0,0.0,0.0,2.0,2.0,2.0,2.0,2.0,0.0,0.0,2.0,2.0,1.0,0.0,2.0,0.0,1.0,2.0,1.0,1.0,0.0,0.0,0.0,0.0,2.0,1.0,2.0,2.0,2.0,2.0,0.0,2.0,1.0,2.0,2.0,0.0,2.0,1.0,0.0,0.0,0.0,1.0,2.0,0.0,2.0,1.0,1.0,1.0,1.0,2.0,1.0,1.0,1.0,1.0,1.0,2.0,1.0,0.0,0.0,0.0,2.0,1.0,0.0,1.0,1.0,2.0,1.0,2.0,2.0,0.0,0.0,2.0,0.0,0.0,2.0,1.0,0.0,2.0,2.0,1.0,2.0,0.0,2.0,0.0,0.0,0.0,1.0,2.0,1.0,0.0
77,1.0,2.0,1.0,2.0,1.0,1.0,2.0,1.0,1.0,2.0,2.0,1.0,1.0,1.0,1.0,1.0,2.0,0.0,2.0,1.0,0.0,1.0,1.0,0.0,2.0,2.0,2.0,2.0,2.0,0.0,2.0,2.0,0.0,0.0,1.0,0.0,1.0,2.0,0.0,0.0,1.0,0.0,0.0,0.0,0.0,1.0,2.0,1.0,2.0,0.0,1.0,0.0,1.0,0.0,0.0,0.0,0.0,2.0,1.0,0.0,0.0,0.0,1.0,2.0,2.0,1.0,1.0,2.0,0.0,2.0,1.0,1.0,0.0,0.0,0.0,2.0,2.0,2.0,1.0,0.0,2.0,2.0,1.0,0.0,0.0,2.0,2.0,1.0,0.0,1.0,0.0,1.0,1.0,0.0,0.0,1.0,0.0,0.0,2.0,1.0,1.0,1.0,0.0,2.0,1.0,1.0,2.0,0.0,1.0,0.0,0.0,1.0,0.0,2.0,2.0,0.0,0.0,2.0,0.0,0.0,1.0,2.0,1.0,0.0,2.0,0.0,0.0,1.0,2.0,1.0,0.0,0.0,0.0,0.0,2.0,1.0,0.0,2.0,2.0,2.0,1.0,1.0,2.0,2.0,0.0,1.0,1.0,0.0,0.0,2.0,0.0,1.0,2.0,0.0,2.0,1.0,0.0,1.0,2.0,1.0,1.0,0.0,0.0,1.0,1.0,2.0,0.0,1.0,0.0,0.0,2.0,1.0,0.0,0.0,2.0,2.0,1.0,0.0,1.0,0.0,0.0,1.0,0.0,1.0,2.0,2.0,0.0,2.0,1.0,1.0,1.0,0.0,2.0,1.0,0.0,0.0,0.0,2.0,2.0,0.0
78,1.0,2.0,2.0,2.0,1.0,2.0,1.0,1.0,1.0,2.0,1.0,0.0,0.0,2.0,0.0,0.0,2.0,0.0,2.0,2.0,0.0,2.0,1.0,1.0,2.0,1.0,2.0,2.0,1.0,0.0,2.0,2.0,2.0,2.0,0.0,2.0,1.0,2.0,1.0,0.0,0.0,0.0,1.0,0.0,0.0,2.0,1.0,2.0,0.0,0.0,1.0,1.0,1.0,1.0,0.0,0.0,0.0,2.0,2.0,0.0,0.0,1.0,0.0,0.0,2.0,0.0,1.0,0.0,2.0,2.0,0.0,1.0,0.0,0.0,1.0,1.0,2.0,2.0,1.0,0.0,1.0,1.0,0.0,1.0,0.0,2.0,2.0,0.0,0.0,0.0,0.0,0.0,1.0,0.0,0.0,1.0,1.0,0.0,0.0,2.0,1.0,2.0,1.0,1.0,1.0,1.0,2.0,0.0,0.0,1.0,0.0,1.0,0.0,2.0,2.0,0.0,0.0,2.0,1.0,1.0,1.0,1.0,0.0,0.0,0.0,0.0,1.0,1.0,0.0,2.0,1.0,0.0,0.0,1.0,1.0,0.0,2.0,2.0,1.0,2.0,1.0,2.0,2.0,1.0,0.0,0.0,0.0,1.0,0.0,1.0,0.0,1.0,2.0,0.0,1.0,1.0,0.0,2.0,1.0,1.0,1.0,0.0,1.0,2.0,0.0,2.0,1.0,1.0,1.0,0.0,2.0,1.0,0.0,0.0,0.0,1.0,1.0,0.0,1.0,0.0,0.0,2.0,0.0,1.0,2.0,1.0,0.0,1.0,2.0,0.0,1.0,1.0,2.0,1.0,0.0,1.0,0.0,2.0,1.0,0.0
79,1.0,2.0,2.0,2.0,2.0,1.0,1.0,0.0,1.0,2.0,0.0,1.0,1.0,1.0,0.0,0.0,2.0,1.0,2.0,2.0,0.0,2.0,2.0,0.0,2.0,2.0,0.0,2.0,2.0,0.0,2.0,2.0,1.0,0.0,1.0,1.0,2.0,2.0,0.0,0.0,0.0,0.0,0.0,0.0,0.0,1.0,2.0,1.0,1.0,0.0,2.0,0.0,2.0,1.0,1.0,0.0,0.0,2.0,2.0,1.0,1.0,0.0,0.0,1.0,1.0,0.0,2.0,2.0,1.0,2.0,0.0,2.0,1.0,0.0,2.0,1.0,0.0,1.0,2.0,0.0,2.0,2.0,1.0,0.0,0.0,2.0,2.0,0.0,1.0,2.0,0.0,0.0,1.0,0.0,0.0,1.0,2.0,1.0,1.0,2.0,2.0,1.0,0.0,1.0,1.0,2.0,2.0,0.0,1.0,2.0,1.0,1.0,0.0,2.0,2.0,2.0,0.0,2.0,0.0,1.0,2.0,2.0,2.0,0.0,2.0,0.0,2.0,1.0,0.0,0.0,0.0,1.0,0.0,1.0,1.0,0.0,0.0,2.0,1.0,2.0,1.0,1.0,0.0,1.0,1.0,1.0,0.0,1.0,0.0,1.0,0.0,2.0,2.0,0.0,1.0,0.0,0.0,1.0,2.0,2.0,0.0,0.0,0.0,1.0,1.0,2.0,1.0,1.0,1.0,0.0,2.0,1.0,1.0,1.0,0.0,2.0,2.0,2.0,1.0,0.0,1.0,1.0,0.0,1.0,2.0,1.0,0.0,2.0,1.0,1.0,1.0,0.0,2.0,1.0,0.0,0.0,2.0,2.0,2.0,1.0
80,0.0,2.0,1.0,2.0,1.0,0.0,1.0,2.0,1.0,2.0,0.0,2.0,1.0,2.0,0.0,0.0,2.0,0.0,2.0,2.0,0.0,2.0,1.0,0.0,2.0,2.0,1.0,2.0,2.0,0.0,2.0,2.0,0.0,0.0,0.0,2.0,2.0,2.0,2.0,0.0,1.0,0.0,0.0,0.0,0.0,2.0,2.0,1.0,2.0,0.0,1.0,0.0,1.0,0.0,1.0,1.0,0.0,2.0,2.0,0.0,0.0,0.0,0.0,2.0,0.0,1.0,2.0,1.0,1.0,2.0,1.0,2.0,1.0,0.0,1.0,2.0,0.0,0.0,2.0,0.0,1.0,1.0,0.0,0.0,0.0,2.0,2.0,1.0,1.0,2.0,0.0,0.0,1.0,0.0,0.0,1.0,1.0,0.0,0.0,2.0,1.0,2.0,1.0,1.0,1.0,1.0,1.0,0.0,2.0,1.0,1.0,1.0,1.0,2.0,2.0,1.0,0.0,2.0,0.0,0.0,2.0,2.0,2.0,0.0,2.0,0.0,1.0,0.0,1.0,1.0,0.0,1.0,0.0,2.0,1.0,0.0,1.0,2.0,2.0,2.0,1.0,1.0,1.0,2.0,2.0,1.0,1.0,1.0,0.0,2.0,0.0,1.0,2.0,0.0,2.0,0.0,0.0,1.0,1.0,2.0,1.0,1.0,0.0,1.0,1.0,2.0,0.0,1.0,0.0,0.0,2.0,2.0,0.0,0.0,0.0,2.0,1.0,1.0,2.0,0.0,2.0,2.0,0.0,0.0,2.0,1.0,0.0,1.0,1.0,2.0,1.0,0.0,2.0,1.0,0.0,0.0,2.0,2.0,0.0,0.0
81,0.0,2.0,1.0,1.0,1.0,2.0,1.0,2.0,2.0,2.0,1.0,0.0,0.0,1.0,0.0,2.0,1.0,0.0,2.0,2.0,0.0,2.0,1.0,2.0,2.0,2.0,2.0,2.0,1.0,0.0,2.0,1.0,0.0,1.0,1.0,1.0,1.0,1.0,1.0,1.0,0.0,0.0,0.0,0.0,2.0,2.0,2.0,1.0,2.0,2.0,1.0,0.0,0.0,0.0,0.0,1.0,1.0,1.0,1.0,0.0,0.0,0.0,0.0,1.0,2.0,1.0,2.0,1.0,1.0,2.0,0.0,1.0,0.0,0.0,2.0,2.0,1.0,1.0,1.0,0.0,0.0,1.0,1.0,0.0,0.0,2.0,2.0,1.0,0.0,0.0,0.0,0.0,2.0,0.0,0.0,0.0,2.0,0.0,1.0,1.0,2.0,2.0,1.0,1.0,1.0,1.0,2.0,0.0,0.0,0.0,1.0,1.0,0.0,1.0,2.0,0.0,0.0,2.0,0.0,1.0,1.0,2.0,2.0,1.0,2.0,0.0,1.0,0.0,1.0,1.0,1.0,0.0,0.0,0.0,1.0,0.0,2.0,2.0,1.0,2.0,2.0,1.0,1.0,2.0,2.0,0.0,0.0,1.0,0.0,2.0,0.0,1.0,2.0,0.0,2.0,1.0,1.0,1.0,2.0,2.0,0.0,1.0,1.0,1.0,1.0,2.0,0.0,1.0,0.0,0.0,2.0,1.0,0.0,0.0,1.0,2.0,2.0,1.0,1.0,0.0,1.0,1.0,1.0,0.0,2.0,2.0,0.0,1.0,1.0,1.0,1.0,0.0,1.0,1.0,0.0,0.0,1.0,1.0,2.0,0.0
82,0.0,2.0,1.0,2.0,2.0,1.0,2.0,1.0,1.0,2.0,1.0,0.0,1.0,1.0,0.0,1.0,2.0,0.0,2.0,2.0,0.0,2.0,1.0,0.0,1.0,2.0,0.0,1.0,1.0,1.0,2.0,1.0,1.0,1.0,0.0,1.0,0.0,2.0,1.0,1.0,1.0,0.0,1.0,0.0,0.0,1.0,1.0,2.0,1.0,0.0,1.0,0.0,1.0,0.0,1.0,0.0,0.0,2.0,1.0,0.0,0.0,0.0,0.0,2.0,0.0,0.0,2.0,0.0,1.0,2.0,0.0,1.0,0.0,0.0,1.0,1.0,0.0,1.0,1.0,0.0,2.0,1.0,0.0,0.0,0.0,2.0,2.0,2.0,0.0,1.0,0.0,0.0,2.0,0.0,1.0,0.0,1.0,2.0,2.0,0.0,2.0,1.0,1.0,0.0,1.0,1.0,2.0,0.0,1.0,0.0,1.0,1.0,1.0,2.0,2.0,1.0,0.0,2.0,0.0,0.0,1.0,2.0,0.0,0.0,1.0,1.0,1.0,0.0,1.0,1.0,1.0,0.0,0.0,1.0,2.0,2.0,1.0,2.0,2.0,1.0,0.0,2.0,2.0,1.0,0.0,0.0,0.0,1.0,1.0,0.0,0.0,0.0,2.0,0.0,2.0,0.0,0.0,0.0,1.0,2.0,1.0,1.0,0.0,1.0,0.0,2.0,1.0,0.0,0.0,0.0,2.0,1.0,1.0,1.0,1.0,2.0,0.0,0.0,1.0,0.0,2.0,1.0,0.0,0.0,2.0,2.0,0.0,1.0,1.0,1.0,1.0,1.0,2.0,1.0,0.0,2.0,2.0,2.0,1.0,0.0
83,0.0,2.0,2.0,2.0,1.0,0.0,1.0,1.0,2.0,2.0,1.0,0.0,0.0,1.0,1.0,0.0,2.0,0.0,2.0,1.0,0.0,2.0,0.0,0.0,2.0,2.0,0.0,1.0,1.0,2.0,2.0,1.0,1.0,1.0,0.0,1.0,0.0,2.0,2.0,2.0,0.0,0.0,1.0,0.0,0.0,2.0,0.0,0.0,1.0,0.0,1.0,1.0,1.0,0.0,0.0,0.0,0.0,2.0,0.0,0.0,0.0,1.0,0.0,2.0,2.0,0.0,2.0,1.0,1.0,2.0,0.0,0.0,1.0,0.0,1.0,2.0,0.0,2.0,2.0,0.0,2.0,1.0,0.0,0.0,0.0,0.0,2.0,1.0,1.0,1.0,0.0,1.0,1.0,0.0,0.0,1.0,2.0,0.0,0.0,1.0,1.0,2.0,0.0,2.0,0.0,1.0,2.0,0.0,2.0,2.0,1.0,2.0,0.0,2.0,2.0,1.0,0.0,2.0,1.0,0.0,2.0,2.0,1.0,0.0,1.0,1.0,1.0,2.0,0.0,2.0,0.0,1.0,0.0,1.0,1.0,0.0,2.0,2.0,2.0,2.0,1.0,1.0,0.0,2.0,1.0,0.0,0.0,1.0,0.0,1.0,0.0,2.0,2.0,0.0,2.0,1.0,1.0,1.0,2.0,1.0,0.0,1.0,1.0,2.0,1.0,2.0,0.0,0.0,0.0,0.0,2.0,2.0,1.0,1.0,2.0,2.0,1.0,0.0,2.0,0.0,1.0,2.0,0.0,2.0,2.0,2.0,0.0,2.0,1.0,1.0,1.0,0.0,2.0,1.0,0.0,0.0,0.0,1.0,1.0,0.0
84,0.0,2.0,2.0,1.0,1.0,0.0,2.0,0.0,1.0,2.0,0.0,0.0,1.0,2.0,0.0,0.0,2.0,0.0,2.0,2.0,0.0,1.0,1.0,0.0,2.0,2.0,1.0,2.0,0.0,1.0,2.0,1.0,2.0,1.0,1.0,2.0,1.0,2.0,2.0,2.0,1.0,0.0,0.0,1.0,0.0,2.0,2.0,2.0,0.0,0.0,2.0,0.0,2.0,1.0,1.0,1.0,0.0,2.0,2.0,1.0,0.0,0.0,0.0,2.0,1.0,0.0,2.0,2.0,2.0,2.0,0.0,1.0,1.0,0.0,1.0,2.0,1.0,1.0,1.0,1.0,2.0,1.0,1.0,0.0,0.0,2.0,2.0,1.0,1.0,1.0,0.0,2.0,1.0,0.0,0.0,2.0,2.0,2.0,2.0,2.0,2.0,2.0,0.0,0.0,1.0,2.0,2.0,0.0,2.0,0.0,1.0,1.0,0.0,1.0,2.0,2.0,0.0,2.0,1.0,0.0,1.0,2.0,2.0,0.0,2.0,0.53,1.0,0.0,2.0,2.0,1.0,1.0,0.0,1.0,1.0,0.0,1.0,2.0,1.0,2.0,2.0,2.0,1.0,2.0,2.0,0.0,1.0,1.0,0.0,2.0,0.0,1.0,2.0,1.0,2.0,2.0,0.0,1.0,2.0,2.0,1.0,0.0,1.0,2.0,0.0,2.0,0.0,2.0,1.0,0.0,2.0,0.0,0.0,0.0,2.0,2.0,1.0,0.0,2.0,0.0,1.0,0.0,0.0,0.0,2.0,1.0,0.0,0.0,2.0,2.0,1.0,2.0,2.0,2.0,0.0,0.0,1.0,2.0,1.0,1.0
85,0.0,2.0,2.0,2.0,2.0,1.0,2.0,1.0,0.0,2.0,1.0,0.0,0.0,2.0,1.0,0.0,2.0,0.0,2.0,2.0,0.0,1.0,2.0,0.0,2.0,2.0,2.0,2.0,2.0,2.0,2.0,2.0,1.0,0.0,1.0,0.0,1.0,2.0,2.0,1.0,0.0,0.0,0.0,1.0,2.0,2.0,2.0,1.0,0.0,2.0,0.0,0.0,1.0,0.0,1.0,0.0,0.0,1.0,0.0,1.0,1.0,0.0,0.0,0.0,1.0,1.0,1.0,1.0,2.0,2.0,0.0,2.0,1.0,0.0,2.0,2.0,0.0,1.0,1.0,0.0,1.0,2.0,0.0,0.0,0.0,1.0,1.0,0.0,1.0,0.0,0.0,0.0,2.0,0.0,0.0,1.0,1.0,1.0,2.0,1.0,2.0,2.0,0.0,2.0,1.0,0.0,2.0,1.0,0.0,1.0,1.0,0.0,0.0,2.0,2.0,0.0,2.0,2.0,2.0,0.0,2.0,2.0,2.0,0.0,2.0,0.0,1.0,0.0,1.0,2.0,0.0,1.0,1.0,0.0,2.0,0.0,2.0,2.0,0.0,2.0,1.0,0.0,2.0,2.0,1.0,0.0,1.0,2.0,0.0,2.0,0.0,1.0,2.0,0.0,1.0,2.0,1.0,2.0,1.0,2.0,2.0,1.0,0.0,2.0,1.0,2.0,1.0,1.0,2.0,0.0,2.0,2.0,1.0,2.0,1.0,0.0,2.0,0.0,1.0,0.0,1.0,1.0,0.0,1.0,2.0,2.0,0.0,2.0,2.0,0.0,2.0,0.0,2.0,2.0,0.0,0.0,2.0,2.0,0.0,0.0
86,0.0,1.0,1.0,2.0,2.0,0.0,2.0,1.0,2.0,2.0,0.0,0.0,0.0,1.0,1.0,0.0,2.0,0.0,2.0,2.0,0.0,2.0,0.0,0.0,1.0,2.0,0.0,2.0,2.0,2.0,2.0,1.0,2.0,1.0,1.0,0.0,2.0,1.0,2.0,1.0,0.0,0.0,0.0,0.0,2.0,2.0,2.0,0.0,0.0,2.0,2.0,0.0,2.0,1.0,1.0,1.0,0.0,2.0,1.0,0.0,0.0,0.0,0.0,1.0,0.0,0.0,1.0,1.0,1.0,2.0,0.0,1.0,1.0,0.0,1.0,2.0,0.0,0.0,2.0,0.0,2.0,2.0,0.0,0.0,0.0,0.0,2.0,0.0,1.0,0.0,0.0,1.0,1.0,0.0,0.0,1.0,2.0,0.0,1.0,1.0,2.0,2.0,1.0,2.0,1.0,2.0,2.0,0.0,1.0,0.0,1.0,2.0,0.0,2.0,2.0,0.0,1.0,2.0,1.0,0.0,2.0,2.0,0.0,0.0,1.0,1.0,0.0,0.0,0.0,2.0,1.0,1.0,0.0,0.0,1.0,0.0,2.0,1.0,1.0,2.0,1.0,1.0,2.0,2.0,0.0,0.0,1.0,2.0,0.0,1.0,0.0,2.0,2.0,1.0,1.0,2.0,1.0,2.0,1.0,1.0,0.0,1.0,1.0,2.0,1.0,2.0,0.0,0.0,0.0,0.0,2.0,1.0,0.0,1.0,0.0,2.0,2.0,0.0,2.0,0.0,1.0,1.0,0.0,0.0,2.0,2.0,0.0,2.0,1.0,1.0,1.0,1.0,2.0,2.0,0.0,0.0,1.0,2.0,2.0,0.0
87,1.0,2.0,2.0,2.0,1.0,1.0,1.0,2.0,0.0,2.0,1.0,1.0,1.0,2.0,1.0,1.0,2.0,0.0,2.0,2.0,1.0,2.0,1.0,2.0,2.0,1.0,1.0,2.0,2.0,1.0,2.0,2.0,1.0,0.0,0.0,2.0,2.0,2.0,1.0,1.0,0.0,0.0,0.0,1.0,2.0,2.0,1.0,0.0,1.0,2.0,1.0,1.0,2.0,0.0,0.0,0.0,0.0,1.0,2.0,1.0,1.0,1.0,0.0,1.0,1.0,0.0,1.0,2.0,2.0,2.0,0.0,2.0,1.0,0.0,1.0,0.0,0.0,2.0,2.0,0.0,2.0,1.0,0.0,1.0,0.0,2.0,2.0,0.0,1.0,0.0,0.0,0.0,2.0,0.0,0.0,1.0,2.0,0.0,1.0,1.0,2.0,2.0,2.0,2.0,1.0,1.0,2.0,0.0,0.0,0.0,1.0,1.0,0.0,2.0,1.0,1.0,0.0,2.0,0.0,0.0,1.0,2.0,2.0,0.0,1.0,1.0,1.0,0.0,0.0,1.0,0.0,1.0,0.0,1.0,2.0,0.0,2.0,1.0,0.0,1.0,1.0,1.0,1.0,2.0,0.0,0.8,1.0,2.0,1.0,1.0,0.0,2.0,2.0,1.0,1.0,2.0,0.0,2.0,2.0,2.0,2.0,0.0,0.0,1.0,0.0,2.0,0.0,0.0,1.0,0.0,2.0,2.0,1.0,0.0,0.0,2.0,2.0,0.0,2.0,0.0,0.0,0.0,0.0,0.0,2.0,2.0,0.0,2.0,1.0,0.0,0.0,1.0,2.0,2.0,0.0,1.0,0.0,2.0,1.0,0.0
88,1.0,2.0,1.0,2.0,2.0,1.0,2.0,2.0,0.0,2.0,0.0,1.0,0.0,1.0,0.0,1.0,2.0,0.0,2.0,1.0,0.0,2.0,1.0,1.0,2.0,2.0,0.0,2.0,2.0,2.0,2.0,2.0,1.0,2.0,0.0,1.0,2.0,2.0,1.0,2.0,0.0,0.0,1.0,1.0,0.0,2.0,1.0,1.0,2.0,0.0,1.0,0.0,2.0,1.0,0.0,1.0,0.0,2.0,1.0,2.0,1.0,0.0,1.0,2.0,2.0,0.0,2.0,0.0,1.0,2.0,0.0,2.0,2.0,0.0,2.0,2.0,1.0,0.0,2.0,1.0,2.0,2.0,1.0,0.0,0.0,1.0,1.0,0.0,2.0,1.0,0.0,1.0,1.0,0.0,0.0,1.0,1.0,0.0,1.0,1.0,0.0,2.0,1.0,2.0,2.0,1.0,2.0,1.0,1.0,2.0,1.0,1.0,0.0,2.0,2.0,0.0,2.0,2.0,0.0,0.0,2.0,2.0,2.0,0.0,0.0,1.0,0.0,0.0,0.0,2.0,1.0,2.0,1.0,0.0,2.0,0.0,2.0,2.0,0.0,1.0,2.0,1.0,1.0,1.0,0.0,0.0,1.0,0.0,0.0,2.0,0.0,1.0,2.0,0.0,2.0,1.0,1.0,0.0,1.0,2.0,2.0,0.0,2.0,2.0,0.0,2.0,0.0,1.0,1.0,0.0,2.0,1.0,0.0,0.0,0.0,1.0,2.0,0.0,2.0,0.0,0.0,1.0,0.0,1.0,2.0,1.0,0.0,2.0,2.0,0.0,2.0,1.0,2.0,2.0,0.0,0.0,2.0,2.0,1.0,0.0
89,0.0,2.0,0.0,2.0,2.0,1.0,2.0,2.0,1.0,2.0,1.0,0.0,0.0,2.0,1.0,0.0,2.0,0.0,2.0,2.0,0.0,2.0,1.0,0.0,1.0,2.0,1.0,2.0,2.0,2.0,2.0,2.0,2.0,1.0,1.0,1.0,0.0,2.0,1.0,1.0,1.0,0.0,1.0,0.0,2.0,1.0,2.0,2.0,0.0,2.0,1.0,0.0,1.0,1.0,0.0,0.0,0.0,2.0,1.0,0.0,0.0,0.0,0.0,2.0,1.0,0.0,2.0,1.0,2.0,2.0,1.0,2.0,0.0,0.0,2.0,2.0,0.0,1.0,2.0,0.0,1.0,2.0,0.0,1.0,0.0,1.0,1.0,0.0,0.0,1.0,0.0,0.0,2.0,0.0,0.0,0.0,2.0,0.0,2.0,1.0,2.0,1.0,1.0,2.0,2.0,1.0,2.0,0.0,0.0,1.0,0.0,1.0,0.0,2.0,2.0,1.0,0.0,2.0,1.0,0.0,2.0,1.0,2.0,0.0,2.0,0.0,0.0,0.0,0.0,2.0,1.0,0.0,0.0,0.0,2.0,0.0,2.0,2.0,1.0,2.0,1.0,0.0,1.0,2.0,1.0,0.0,0.0,1.0,0.0,1.0,0.0,2.0,2.0,0.0,2.0,2.0,1.0,2.0,2.0,2.0,1.0,0.0,1.0,2.0,1.0,2.0,1.0,0.0,1.0,1.0,2.0,2.0,1.0,0.0,1.0,2.0,2.0,0.0,2.0,0.0,0.0,1.0,0.0,0.0,2.0,2.0,0.0,2.0,2.0,0.0,1.0,0.0,2.0,2.0,0.0,0.0,1.0,1.0,2.0,0.0
90,0.0,2.0,2.0,2.0,2.0,1.0,2.0,2.0,2.0,2.0,0.0,1.0,1.0,2.0,0.0,1.0,2.0,0.0,2.0,2.0,1.0,2.0,1.0,0.0,2.0,1.0,0.0,2.0,2.0,1.0,2.0,2.0,2.0,0.0,0.0,0.0,1.0,2.0,2.0,0.0,0.0,0.0,0.0,0.0,2.0,1.0,1.0,0.0,1.0,2.0,2.0,0.0,2.0,0.0,0.0,0.0,1.0,0.0,1.0,0.0,0.0,0.0,1.0,1.0,2.0,0.0,1.0,0.0,2.0,2.0,0.0,2.0,0.0,0.0,1.0,1.0,0.0,2.0,2.0,1.0,2.0,1.0,1.0,0.0,0.0,0.0,2.0,0.0,0.0,0.0,0.0,1.0,2.0,0.0,0.0,1.0,2.0,0.0,0.0,2.0,1.0,2.0,2.0,2.0,0.0,2.0,2.0,1.0,1.0,0.0,1.0,1.0,0.0,2.0,2.0,0.0,0.0,2.0,1.0,0.0,2.0,2.0,2.0,0.0,1.0,1.0,1.0,1.0,1.0,1.0,1.0,0.0,0.0,1.0,2.0,0.0,2.0,1.0,2.0,1.0,2.0,1.0,1.0,2.0,0.0,0.0,2.0,1.0,0.0,2.0,0.0,1.0,2.0,1.0,2.0,2.0,0.0,2.0,2.0,1.0,0.0,0.0,0.0,1.0,0.0,2.0,1.0,0.0,0.0,0.0,2.0,2.0,1.0,0.0,0.0,2.0,2.0,0.0,2.0,0.0,2.0,0.0,0.0,1.0,2.0,2.0,0.0,2.0,2.0,0.0,1.0,1.0,2.0,1.0,0.0,0.0,0.0,1.0,2.0,0.0
91,0.0,1.0,2.0,2.0,2.0,2.0,2.0,1.0,0.0,2.0,0.0,0.0,1.0,2.0,1.0,0.0,2.0,0.0,2.0,1.0,0.0,2.0,1.0,0.0,2.0,1.0,1.0,2.0,2.0,0.0,2.0,2.0,0.0,0.0,0.0,2.0,2.0,2.0,1.0,1.0,0.0,0.0,1.0,1.0,1.0,2.0,1.0,1.0,1.0,1.0,2.0,0.0,2.0,0.0,1.0,0.0,0.0,1.0,2.0,2.0,0.0,0.0,0.0,1.0,1.0,1.0,1.0,1.0,2.0,2.0,0.0,2.0,2.0,0.0,1.0,1.0,0.0,0.0,2.0,0.0,1.0,2.0,0.0,2.0,0.0,1.0,2.0,1.0,2.0,2.0,0.0,0.0,2.0,0.0,0.0,1.0,2.0,1.0,0.0,2.0,2.0,2.0,1.0,2.0,2.0,2.0,2.0,0.0,2.0,1.0,2.0,2.0,0.0,2.0,2.0,1.0,2.0,2.0,1.0,0.0,0.0,2.0,1.0,0.0,1.0,1.0,0.0,0.0,1.0,1.0,0.0,2.0,0.0,0.0,1.0,1.0,1.0,2.0,0.0,2.0,1.0,2.0,2.0,2.0,1.0,1.0,0.0,2.0,0.0,1.0,0.0,1.0,2.0,0.0,1.0,2.0,0.0,1.0,2.0,0.0,1.0,1.0,0.0,2.0,1.0,2.0,0.0,2.0,0.0,0.0,2.0,2.0,0.0,0.0,1.0,1.0,1.0,0.0,2.0,0.0,1.0,2.0,0.0,0.0,2.0,2.0,0.0,0.0,0.0,2.0,1.0,0.0,1.0,2.0,0.0,1.0,0.0,2.0,1.0,0.0
92,0.0,2.0,2.0,2.0,1.0,2.0,2.0,0.0,2.0,2.0,0.0,0.0,1.0,2.0,1.0,0.0,2.0,0.0,2.0,2.0,0.0,2.0,2.0,0.0,2.0,2.0,2.0,1.0,2.0,1.0,2.0,2.0,2.0,0.0,0.0,1.0,2.0,2.0,2.0,0.0,0.0,0.0,0.0,0.0,0.0,1.0,1.0,1.0,0.0,0.0,2.0,0.0,2.0,0.0,0.0,1.0,0.0,1.0,2.0,2.0,0.0,0.0,0.0,1.0,1.0,0.0,2.0,2.0,1.0,2.0,0.0,1.0,1.0,0.0,1.0,0.0,0.0,0.0,2.0,0.0,2.0,1.0,0.0,0.0,0.0,2.0,2.0,0.0,1.0,1.0,0.0,1.0,1.0,0.0,0.0,1.0,1.0,1.0,1.0,2.0,1.0,1.0,1.0,1.0,2.0,2.0,2.0,0.0,1.0,0.0,1.0,1.0,0.0,2.0,2.0,1.0,1.0,2.0,0.0,0.0,1.0,2.0,1.0,0.0,2.0,0.0,1.0,0.0,1.0,1.0,1.0,1.0,0.0,0.0,1.0,1.0,1.0,2.0,1.0,2.0,1.0,2.0,0.0,2.0,0.0,2.0,1.0,1.0,0.0,1.0,0.0,2.0,2.0,1.0,2.0,2.0,0.0,0.0,2.0,1.0,1.0,0.0,0.0,1.0,0.0,2.0,0.0,2.0,0.0,0.0,2.0,2.0,0.0,1.0,0.0,2.0,2.0,0.0,2.0,0.0,0.0,0.0,0.0,1.0,2.0,2.0,0.0,1.0,1.0,1.0,1.0,0.0,2.0,2.0,0.0,0.0,1.0,2.0,2.0,0.0
93,1.0,2.0,2.0,2.0,1.0,0.0,2.0,1.0,0.0,2.0,1.0,0.0,0.0,2.0,0.0,0.0,2.0,0.0,2.0,2.0,1.0,2.0,0.0,1.0,1.0,2.0,0.0,2.0,2.0,0.0,2.0,1.0,2.0,0.0,0.0,0.0,2.0,2.0,0.0,1.0,0.0,0.0,1.0,1.0,1.0,0.0,2.0,1.0,0.0,1.0,2.0,0.0,2.0,1.0,0.0,1.0,0.0,1.0,1.0,1.0,0.0,0.0,0.0,1.0,1.0,0.0,0.0,0.0,2.0,2.0,0.0,2.0,0.0,1.0,1.0,2.0,1.0,1.0,2.0,0.0,1.0,2.0,1.0,0.0,0.0,1.0,2.0,0.0,0.0,1.0,1.0,1.0,2.0,0.0,0.0,1.0,1.0,0.0,1.0,1.0,1.0,1.0,1.0,1.0,0.0,2.0,2.0,1.0,0.0,0.0,0.0,2.0,0.0,2.0,2.0,2.0,0.0,2.0,1.0,0.0,1.0,2.0,2.0,0.0,1.0,0.0,2.0,1.0,0.0,0.0,1.0,0.0,0.0,1.0,2.0,0.0,2.0,0.0,0.0,2.0,2.0,1.0,1.0,0.0,0.0,1.0,0.0,1.0,0.0,0.0,0.0,2.0,1.0,1.0,1.0,2.0,0.0,1.0,1.0,0.0,2.0,1.0,1.0,0.0,0.0,2.0,1.0,1.0,0.0,0.0,2.0,2.0,0.0,0.0,1.0,2.0,2.0,1.0,2.0,0.0,1.0,1.0,0.0,1.0,2.0,2.0,0.0,1.0,2.0,0.0,1.0,1.0,2.0,2.0,0.0,0.0,1.0,2.0,2.0,1.0
94,0.0,2.0,2.0,2.0,1.0,0.0,2.0,0.0,0.0,2.0,1.0,1.0,1.0,2.0,0.0,0.0,1.0,0.0,2.0,2.0,0.0,1.0,2.0,1.0,0.0,1.0,0.0,2.0,2.0,0.0,2.0,2.0,1.0,1.0,2.0,2.0,2.0,2.0,0.0,1.0,0.0,0.0,0.0,1.0,2.0,2.0,2.0,2.0,1.0,2.0,1.0,0.0,1.0,0.0,0.0,0.0,0.0,2.0,2.0,1.0,2.0,0.0,1.0,2.0,2.0,0.0,0.0,2.0,1.0,2.0,0.0,2.0,2.0,0.0,1.0,2.0,2.0,1.0,2.0,0.0,2.0,1.0,0.0,0.0,0.0,1.0,2.0,0.0,2.0,1.0,0.0,0.0,1.0,0.0,0.0,1.0,2.0,0.0,1.0,1.0,2.0,2.0,1.0,2.0,0.0,1.0,2.0,0.0,0.0,0.0,1.0,2.0,0.0,2.0,2.0,2.0,0.0,2.0,1.0,0.0,1.0,2.0,1.0,0.0,2.0,0.0,0.0,1.0,0.0,0.0,0.0,2.0,0.0,1.0,1.0,0.0,2.0,2.0,0.0,2.0,1.0,1.0,0.0,2.0,2.0,1.0,0.0,2.0,1.0,2.0,0.0,2.0,2.0,0.0,0.0,0.0,0.0,1.0,1.0,2.0,2.0,1.0,1.0,0.0,0.0,2.0,1.0,0.0,0.0,0.0,2.0,2.0,0.0,0.0,0.0,2.0,1.0,0.0,2.0,0.0,0.0,0.0,0.0,1.0,2.0,2.0,0.0,0.0,2.0,0.0,0.0,1.0,1.0,1.0,0.0,0.0,2.0,2.0,0.0,0.0
95,0.0,1.0,2.0,2.0,2.0,1.0,2.0,1.0,0.0,2.0,0.0,0.0,0.0,2.0,0.0,1.0,2.0,0.0,2.0,1.0,0.0,2.0,0.0,0.0,2.0,2.0,1.0,2.0,2.0,0.0,2.0,2.0,2.0,0.0,0.0,0.0,1.0,2.0,0.0,1.0,0.0,1.0,0.0,0.0,2.0,1.0,2.0,1.0,0.0,2.0,2.0,0.0,2.0,0.0,0.0,1.0,0.0,0.0,2.0,2.0,0.0,0.0,0.0,0.0,0.0,0.0,2.0,2.0,1.0,2.0,0.0,2.0,0.0,0.0,2.0,2.0,0.0,1.0,2.0,0.0,2.0,2.0,0.0,1.0,0.0,2.0,2.0,0.0,0.0,0.0,0.0,1.0,1.0,0.0,1.0,0.0,2.0,0.0,2.0,2.0,2.0,1.0,1.0,2.0,0.0,2.0,2.0,1.0,0.0,1.0,1.0,0.0,0.0,2.0,2.0,1.0,0.0,2.0,0.0,1.0,1.0,2.0,1.0,1.0,2.0,1.0,0.0,0.0,1.0,0.0,1.0,0.0,0.0,0.0,1.0,0.0,1.0,2.0,0.0,2.0,0.0,1.0,2.0,1.0,1.0,2.0,0.0,2.0,0.0,1.0,0.0,1.0,2.0,0.0,2.0,1.0,0.0,2.0,2.0,1.0,2.0,0.0,0.0,0.0,0.0,2.0,0.0,2.0,0.0,0.0,2.0,2.0,0.0,0.0,0.0,2.0,2.0,0.0,2.0,0.0,1.0,0.0,1.0,0.0,2.0,2.0,0.0,2.0,2.0,0.0,0.0,2.0,2.0,2.0,0.0,0.0,0.0,1.0,2.0,0.0
96,1.0,1.0,2.0,2.0,2.0,1.0,2.0,2.0,2.0,2.0,1.0,0.0,1.0,2.0,1.0,0.0,2.0,0.0,2.0,1.0,1.0,2.0,2.0,0.0,2.0,2.0,2.0,2.0,2.0,1.0,2.0,2.0,1.0,1.0,0.0,0.0,2.0,2.0,2.0,1.0,0.0,0.0,1.0,1.0,1.0,2.0,2.0,0.0,1.0,1.0,1.0,0.0,2.0,0.0,1.0,1.0,0.0,0.0,2.0,1.0,0.0,0.0,0.0,0.0,2.0,0.0,2.0,1.0,1.0,2.0,0.0,2.0,2.0,0.0,2.0,0.0,1.0,0.0,2.0,0.0,2.0,2.0,0.0,0.0,0.0,0.0,2.0,0.0,2.0,1.0,0.0,0.0,1.0,0.0,0.0,2.0,0.0,0.0,1.0,2.0,1.0,2.0,0.0,1.0,1.0,1.0,2.0,0.0,1.0,0.0,1.0,0.0,0.0,2.0,2.0,0.0,2.0,2.0,0.0,0.0,0.0,2.0,2.0,0.0,2.0,1.0,2.0,0.0,1.0,1.0,0.0,2.0,0.0,0.0,2.0,1.0,2.0,2.0,1.0,2.0,0.0,2.0,1.0,2.0,0.0,1.0,0.0,1.0,0.0,1.0,0.0,1.0,2.0,2.0,1.0,1.0,1.0,1.0,2.0,1.0,0.0,0.0,0.0,1.0,0.0,2.0,1.0,1.0,0.0,0.0,2.0,2.0,2.0,1.0,1.0,1.0,2.0,1.0,2.0,0.0,1.0,2.0,0.0,1.0,2.0,2.0,0.0,1.0,1.0,1.0,2.0,0.0,2.0,2.0,0.0,0.0,0.0,2.0,2.0,0.0
97,2.0,2.0,1.0,2.0,2.0,0.0,1.0,2.0,0.0,2.0,2.0,0.0,0.0,2.0,0.0,0.0,2.0,0.0,2.0,1.0,0.0,0.0,2.0,2.0,0.0,2.0,1.0,2.0,2.0,0.0,2.0,2.0,1.0,0.0,0.0,2.0,2.0,1.0,0.0,0.0,0.0,0.0,0.0,1.0,0.0,1.0,2.0,1.0,0.0,0.0,2.0,0.0,1.0,0.0,0.0,0.0,0.0,1.0,1.0,1.0,0.0,0.0,0.0,1.0,1.0,0.0,2.0,0.0,2.0,2.0,0.0,2.0,1.0,0.0,2.0,2.0,2.0,1.0,2.0,0.0,2.0,1.0,0.0,0.0,0.0,1.0,2.0,0.0,1.0,0.0,0.0,0.0,2.0,0.0,0.0,1.0,2.0,0.0,1.0,1.0,2.0,2.0,1.0,1.0,0.0,2.0,2.0,1.0,2.0,0.0,0.0,2.0,0.0,2.0,1.0,2.0,0.0,2.0,0.0,0.0,1.0,2.0,2.0,0.0,2.0,0.0,1.0,0.0,0.0,1.0,0.0,1.0,0.0,1.0,2.0,0.0,1.0,2.0,1.0,2.0,1.0,0.0,1.0,1.0,1.0,0.0,0.0,1.0,0.0,1.0,0.0,2.0,2.0,0.0,0.0,1.0,0.0,1.0,2.0,2.0,2.0,1.0,0.0,1.0,1.0,2.0,1.0,0.0,0.0,0.0,2.0,2.0,1.0,0.0,0.0,2.0,2.0,0.0,1.0,0.0,0.0,1.0,0.0,0.0,2.0,2.0,0.0,2.0,1.0,1.0,2.0,0.0,2.0,2.0,0.0,1.0,1.0,2.0,2.0,0.0
98,2.0,2.0,2.0,2.0,2.0,0.0,2.0,0.0,1.0,2.0,2.0,1.0,2.0,2.0,0.0,0.0,2.0,0.0,2.0,1.0,0.0,2.0,2.0,0.0,2.0,2.0,1.0,2.0,2.0,0.0,2.0,2.0,2.0,1.0,1.0,1.0,2.0,2.0,1.0,0.0,0.0,0.0,1.0,1.0,0.0,1.0,2.0,1.0,1.0,0.0,1.0,1.0,2.0,1.0,0.0,0.0,0.0,1.0,1.0,2.0,1.0,1.0,0.0,0.0,2.0,0.0,1.0,1.0,1.0,2.0,0.0,2.0,1.0,1.0,0.0,1.0,0.0,1.0,2.0,0.0,1.0,2.0,0.0,0.0,0.0,1.0,2.0,0.0,1.0,2.0,1.0,0.0,2.0,0.0,0.0,1.0,2.0,0.0,2.0,2.0,1.0,1.0,1.0,2.0,2.0,1.0,2.0,1.0,2.0,2.0,1.0,1.0,0.0,2.0,2.0,2.0,0.0,2.0,0.0,0.0,2.0,2.0,0.0,0.0,1.0,0.0,0.0,0.0,0.0,0.0,0.0,1.0,0.0,1.0,1.0,0.0,2.0,2.0,1.0,1.0,1.0,1.0,1.0,1.0,0.0,1.0,1.0,1.0,0.0,1.0,0.0,1.0,2.0,1.0,2.0,2.0,0.0,1.0,2.0,1.0,1.0,1.0,0.0,0.0,0.0,2.0,0.0,1.0,0.0,0.0,2.0,2.0,1.0,1.0,1.0,2.0,2.0,1.0,2.0,0.0,1.0,1.0,0.0,1.0,2.0,2.0,0.0,0.0,2.0,0.0,1.0,0.0,2.0,1.0,0.0,0.0,1.0,2.0,2.0,0.0
99,0.0,2.0,2.0,1.0,2.0,1.0,2.0,1.0,1.0,2.0,0.0,1.0,2.0,2.0,1.0,1.0,2.0,0.0,1.0,2.0,0.0,2.0,2.0,1.0,2.0,2.0,1.0,2.0,2.0,0.0,2.0,1.0,1.0,0.0,2.0,2.0,2.0,2.0,1.0,0.0,0.0,1.0,0.0,0.0,0.0,2.0,2.0,2.0,2.0,0.0,2.0,0.0,1.0,2.0,0.0,0.0,1.0,1.0,0.0,0.0,1.0,0.0,0.0,1.0,2.0,0.0,1.0,2.0,1.0,1.0,0.0,1.0,1.0,0.0,0.0,1.0,1.0,1.0,2.0,0.0,0.0,0.0,0.0,1.0,0.0,2.0,2.0,1.0,1.0,1.0,0.0,0.0,2.0,0.0,1.0,1.0,2.0,0.0,0.0,1.0,2.0,2.0,0.0,0.0,0.0,2.0,2.0,2.0,2.0,0.0,0.0,2.0,0.0,0.0,2.0,1.0,0.0,1.0,2.0,0.0,2.0,1.0,0.0,0.0,2.0,1.0,1.0,0.0,2.0,2.0,1.0,1.0,0.0,1.0,2.0,0.0,2.0,2.0,0.0,1.0,1.0,1.0,0.0,1.0,1.0,1.0,1.0,2.0,0.0,1.0,0.0,1.0,0.0,1.0,2.0,0.0,0.0,1.0,0.0,2.0,1.0,0.0,0.0,2.0,0.0,2.0,0.0,0.0,1.0,1.0,2.0,1.0,0.0,1.0,2.0,2.0,1.0,0.0,1.0,0.0,1.0,1.0,0.0,2.0,2.0,2.0,0.0,1.0,2.0,0.0,0.0,1.0,2.0,2.0,0.0,2.0,1.0,2.0,2.0,0.0
100,1.0,1.0,2.0,2.0,2.0,1.0,2.0,1.0,1.0,2.0,0.0,1.0,2.0,1.0,0.0,0.0,2.0,0.0,2.0,1.0,0.0,1.0,2.0,0.0,2.0,1.0,1.0,2.0,2.0,0.0,1.0,1.0,2.0,1.0,0.0,2.0,1.0,2.0,1.0,0.0,1.0,0.0,0.0,0.0,1.0,2.0,2.0,1.0,1.0,1.0,2.0,1.0,1.0,1.0,0.0,0.0,0.0,1.0,0.0,1.0,2.0,0.0,0.0,1.0,1.0,1.0,0.0,0.0,1.0,1.0,0.0,1.0,2.0,0.0,1.0,2.0,1.0,2.0,2.0,0.0,0.0,1.0,1.0,1.0,0.0,2.0,2.0,0.0,2.0,1.0,0.0,0.0,1.0,1.0,0.0,1.0,1.0,0.0,0.0,2.0,1.0,1.0,0.0,0.0,2.0,2.0,2.0,1.0,2.0,1.0,0.0,2.0,0.0,2.0,2.0,1.0,1.0,2.0,0.0,0.0,0.0,2.0,2.0,0.0,2.0,0.0,1.0,0.0,2.0,2.0,1.0,2.0,0.0,1.0,0.0,0.0,2.0,2.0,1.0,2.0,2.0,2.0,0.0,1.0,1.0,0.0,2.0,2.0,0.0,0.0,0.0,1.0,1.0,1.0,2.0,1.0,1.0,1.0,1.0,1.0,2.0,1.0,0.0,2.0,0.0,2.0,1.0,0.0,2.0,0.0,1.0,1.0,0.0,1.0,0.0,1.0,2.0,1.0,2.0,0.0,2.0,0.0,0.0,1.0,2.0,1.0,0.0,0.0,1.0,1.0,1.0,0.0,2.0,2.0,1.0,1.0,1.0,2.0,1.0,0.0
