ID,omics1,omics2,omics3,omics4,omics5,omics6,omics7,omics8,omics9,omics10
1,1.3463497128190702,0.1115937114219917,2.562260285884078,-2.333809857108493,-3.479338400384905,-1.3996796536462914,-0.08494902217341138,2.281897226894578,0.776380498533081,3.001573927502117
2,1.3060538549610337,-1.5080410208385588,-1.0192918496835843,0.6263589742892581,-2.75263403686741,-3.8699328229355117,-1.7937890268476206,2.828078870189758,-1.8698150357878414,0.5923039549110198
3,0.3893681970920859,-1.136295429759636,1.5611867576994929,0.1254650439438561,-2.003451865336384,-3.1961991433879753,1.5750501137154322,1.9313186478965336,-1.6414966231912458,0.4426970261501498
4,1.6610233390150206,-2.4102339167844504,1.711137640078059,0.965223527182034,-0.3331322503049383,-3.4475569842814635,-1.7585867639430002,4.295203885888507,-0.3560361368545848,4.036737935914475
5,2.2886620152861044,-3.449488807088103,1.2378875739216546,0.1677326381726157,-1.6626196819653571,-2.9425645670409746,0.7369064844190611,0.6405061280258675,-2.361905548415941,1.5023396872430237
6,1.4177775391711573,-1.5719872959941275,0.7953628088397813,-0.09623793280430637,-3.330236824380183,-0.03952919815830147,-2.3070556263623487,1.4575420890310367,-1.7148111219271853,1.138469878394729
7,0.3168309310067649,-0.33087115425620806,1.7122461710362256,1.8308074617427235,-0.06924915818749977,-2.0958906332607605,0.12591619584322547,1.8450849137932956,-3.348680852521732,2.6373589394492454
8,1.1309949469249285,-4.610330166204161,1.183145854645026,1.5466175156213835,-1.970561946993181,-3.0084301722745357,0.04485007807982849,2.9723548988208526,1.4901346058200104,2.5450077551543107
9,-3.4944469090188335,-1.8434942474624865,0.46962675816884014,1.0263891496672863,0.7243561245187715,-3.6683126383046014,0.706281033903388,1.7694573830162272,-3.617281094704073,-0.3071166226661359
10,-1.4020120180925322,0.7815858081853546,-0.05946839345750399,0.47578284576719954,-2.7046501869518984,-3.2571176909462993,-0.5981623189400278,0.4695336798216483,-0.15343389762680093,4.704212866094848
11,2.984895826741048,-2.132000858811489,-0.22016271049713326,1.6644471677660189,-2.408521211461059,-3.0831643557496493,0.8543235354431417,1.5665033559915373,-4.096950515765061,1.3768751414451952
12,-0.48580158079036434,-0.4739516940459116,4.015854807475572,0.48538122600664124,-1.4764982053220197,-4.341500461116909,0.3822128610500329,2.086754834610769,-1.9365237505992892,2.80014635802178
13,1.3655755844463866,-3.706565557568031,-0.03806746360516533,-2.478079614444428,-1.4042848073191152,-1.8836585986466676,-0.2528355995699598,2.844644084203757,-3.669489330616997,2.979735609390282
14,2.8593977481781687,-3.1443587601812135,-0.36630314731599123,0.3987329274249317,-2.4179907372242253,-1.357466945853888,-1.2371264926209236,1.8398840580153202,-2.306889183268663,2.3329820475850944
15,3.0581130158004415,-1.4990243342176284,1.4189541045198715,-1.43893360370199,-0.5566368968618441,-3.6828943350662664,0.5146338791185501,2.0498645342115074,-1.5697773970901883,3.6569538146879617
16,1.9630197077509577,-2.905430680980748,-2.551507307953764,-0.4279631684578187,0.1286031139687267,-3.779269254035729,-0.04685359131654887,4.708822458306395,-3.3535732116284556,2.9044453191485484
17,1.831693659519531,-0.19600145086517629,0.11130363823825423,-0.017186022053802374,-2.7298556423802003,-4.446190525413568,-2.0394035869260385,1.9417427163520535,-4.342330002796098,2.3314722167108903
18,-0.8034060448224173,-0.3862364480321252,-1.0174868930016863,2.416184091503018,0.4293622628322674,-3.7319823434172092,-1.665369604244352,1.3231911817888151,-2.665960572349751,1.2686156603707885
19,-1.9980915903200858,-3.0603324757666677,-1.356387666747393,-1.205162760317219,-0.8921178743649028,-1.0483883819810182,0.2453393437075513,2.60422237262863,-0.9283797109640385,5.3036115828258374
20,-0.19954444116056166,-1.8259073405150605,0.8569298336211543,1.3777101742042996,0.04034956315928406,-2.039509979140926,2.5124610382393344,2.261334247980395,-1.443033885737128,1.82819752602658
21,2.7648377386487715,-0.007912140383191879,1.7534709807784166,-2.354573102441857,-1.2684122657847432,-2.8458804499168386,-2.104284582864838,1.207530140239692,-5.008907915561926,-1.3087498377194073
22,1.0375160573156432,-1.3607839386395917,1.6521922356352392,-2.0808430233880246,-1.6671600251608727,-1.7843124810286515,-2.599496346472018,3.356190819291417,-2.3465512607620895,1.8975347429581895
23,-1.188472114205748,-3.3945084192585115,1.4349568833351818,-0.5679107037555804,-3.397167296545804,-1.1023896685590078,-0.40728716745757976,3.5362623669839985,-2.1206243654380943,0.7567155451754931
24,-0.2703697435086535,-1.0838001761540175,0.6128748031981317,-0.7998966278803545,-4.377645110196863,-2.0871602070569484,-0.8181020693807346,3.2348845285571333,0.2934189407615406,2.983889541321256
25,1.0027364949720798,-1.0021996439800644,2.51258997351281,0.6948682471472809,-2.2812591778222444,-0.42922538671706945,-0.9164517184693041,1.5400342447907673,-1.3828201929909694,1.5061739993617467
26,1.400674630894152,-2.9398679638775302,1.6434450073838651,-0.647474200636838,-3.8187347468031985,-2.9190773194321396,0.18717158868611572,1.8955331815743954,-0.8518877485924503,1.2355126363018683
27,2.0351170186424774,-1.2727506332975498,0.3740117774685051,0.5080611251629727,-0.1337727106495274,-2.84955002902706,-0.03190680388303557,2.111431752417328,-2.396695373543795,1.9385605008771143
28,-0.2369526419935979,-0.7030523292892217,0.25619480866368416,1.9888753282567757,-0.9596206012538429,-4.048818944039377,1.3342958724793,2.274834781703448,-3.3161450532195738,2.0641160622534405
29,2.3565119788816022,-1.8104325993759494,0.7683442835983517,-0.44798946173305054,-1.6247801065940706,-4.222726392976588,-0.07099278980493323,2.5254239843557054,-1.4946446920557785,3.0026735462762506
30,1.84221154685534,-0.7798693849407071,1.7075259537393022,3.9525865707230032,-3.023458334477822,-1.9444791552561997,0.4792164053658753,3.2852754859972615,-3.5541537322099437,1.77713237666616
31,1.3511478147238314,-3.722842498091172,0.3602680866331194,2.526855977881732,-2.6551043455715115,-3.4710451565064866,-1.878368989039284,3.25093690898928,-2.399895869073397,2.298964850412238
32,0.9217056305564532,-1.1497278424747666,2.918566222049245,-1.1865323473288143,-3.355552128862066,-0.6550299776005,-1.4430998160660298,4.401900339723232,-3.2982347731033506,1.890269343682008
33,2.891408274463239,-1.7028688140477444,4.476105818379533,-0.45888264764582964,-1.9492826834027674,-1.0230219473634365,-0.4111638140538941,2.323719835478628,-4.129030695954133,0.7777270193523238
34,0.8748562643568658,-1.6331363438493283,1.5474957158838656,-0.30582356427152524,-3.2347896710619466,-2.341756400648745,2.5233192010141057,0.023717518055985876,-3.4047563381930335,1.637256662728834
35,-0.4034161732656163,-1.3634428364308158,1.5787848819138455,-0.24850417181226908,-1.332118246986139,-2.424581069160135,-0.41868715407615875,3.573422634627649,-1.86132258116647,1.0167460747705765
36,1.8213521939637434,-1.692411550805586,-1.907503483619751,-0.7246897893644205,-1.0613627751923291,-4.006705591864723,-1.4858091476704818,0.21191731861152546,-3.424193359112478,2.110770425570886
37,1.988408017690829,-3.3931046472589887,1.715186854818347,-1.7812147982900046,-4.015331054316572,-1.8576598855429876,-2.3830669807048204,4.281819547156302,-0.33570793607782035,5.3492235423959915
38,2.0083796315081486,-3.130114628605921,0.7111415109685515,-1.922619257369624,-2.9230821638837683,-3.0663737251687024,-2.453506712989678,1.7402834766579793,-3.4372277703045344,2.8904271168839815
39,1.8121343052996788,-2.1862581687897342,0.9517266011332338,-0.9806961088405117,-2.2205659962151154,-3.052663775033609,-2.505130693009932,5.369495445747936,0.026129209517173665,-0.3972274877324433
40,0.7392213283755305,-0.9969390120408448,-1.1651655671098808,2.606250086006341,-4.954233023931759,-1.2154577549859735,0.152695968033897,0.9322842503729766,-2.2535600650466194,4.264219756511869
41,1.000375428380747,-3.845647977888344,1.1635934136513597,0.5037238454112214,-3.337163707860585,-1.643913419076988,0.16826579815092824,1.6815453371393627,0.19980016983765625,1.0643740548029788
42,0.8063036859543771,-1.9213444924111112,4.407682434883073,0.4363884870221806,-0.7309488138153182,-3.5710304602933043,-0.2256324733514503,1.6359805463979165,1.750292276389839,1.637900980619189
43,1.3043832160226352,-1.8638938926787454,0.07663506750083485,1.0555080849829985,-3.816327982321525,-0.6453711543858109,-0.564419215021698,1.4337818589711433,-2.9985863324265956,3.9397312162422313
44,1.293615122299763,-2.4861874227139666,-0.16663627331782171,0.2519146769974884,-1.2555751697031803,-1.524360243700844,-1.3925741064807724,2.9335182501399233,-3.2127290731612788,1.5290770700159146
45,0.7737024692713623,-1.146661990279076,-0.03425469357948374,2.2654224972451757,-2.0846488061133743,-3.068674989132707,0.4543608407542246,1.2020910566345604,-0.17052743907788226,5.691305694583562
46,1.8622648846085832,-1.8767321291506012,0.05702912292180534,-2.608923700006959,-2.223013071229765,-0.18463749072512725,0.9455444913649929,3.616340408903069,-0.1819091468862104,-0.25506629700812505
47,1.8890359517685031,-0.0981533529439167,0.5058029421753584,-0.5253015888225929,-2.6086481732047453,-3.5697171199076787,-0.10391559276270512,2.6499361631714122,-1.806155925268104,3.472301911478757
48,1.2275192630329335,-1.7188589287206613,2.0980694204846255,-1.8446107793503335,-1.3885130354576525,-3.4420679163212298,-1.0049241035172607,4.00538528542627,-1.2462723085457323,0.6957140701321399
49,1.2264119796477466,-2.207895654658536,1.4958278889489631,-0.34919755328355806,-3.3543671943133093,-4.212252879228572,-2.016176860848404,1.5352145915252047,-2.0207830887989924,3.171567292468242
50,2.2163201983055223,-1.9137653570328557,-2.342247714538064,0.34231500261934644,-3.845556611471723,-1.493981526394317,0.669508455706589,4.4880838603672775,-3.19334425649174,0.68603691585792
51,1.9006633264776864,-2.2734247100380003,-0.15944667052896278,-1.4918930006079674,-4.194654014484099,-0.35453943959413325,0.08211357916911,1.5461079629548082,-1.757363961212761,0.5368846015569408
52,-0.3206199779195007,0.028056583832133053,5.117857859135647,0.6527693922973974,-4.420967774531448,-1.5568778765778948,1.8851510208825777,0.42746758990605016,-2.312444132435684,0.5457940330068856
53,-0.06842567352667417,-0.09854815141383666,0.988750156845654,-1.1730656327391014,-4.824349363282406,-0.940774423052466,-1.245374568337459,2.2502790916776867,-0.7801465402003672,0.682632676988314
54,2.317958771341358,-4.40545604177569,1.7375334505824365,-1.032598572577114,-4.371900649414633,-2.6817697201497968,-0.5103909882499906,1.0875817089796627,-1.3408990408917247,2.0466101481167853
55,0.7855879870531791,-1.3337450413500491,4.492409712485896,-0.6547929683582014,-1.9943181861892363,-0.9646028181699253,-2.660721660670954,2.9511775523769166,0.4556203533446072,2.515961099921516
56,3.785649012869645,-2.8315749396988354,1.4124157039190728,0.0873413927432094,-2.6498116953983155,-3.703228673569395,-1.499426962563125,2.027489026695254,0.17800183726848284,4.634178317714595
57,2.1807273923547044,-3.5057857472209224,1.0309700833209445,0.774324800084573,-3.920345973432692,-3.0472682905108925,0.06453370407971099,2.6124190081236693,-1.7735264249783933,0.837221911806054
58,2.757906326015604,-2.9707443569201133,-0.07946920592908235,-1.59527778980323,-3.0301178460880047,-1.204653972456446,-1.5917863216226305,2.0202271518077475,-2.0006088177567727,3.857988607160814
59,1.182514679440803,-3.997722024057687,1.86469058771718,-2.0610590465898904,-4.0861018627331145,-2.8166900947627775,-0.5321518690999725,1.2643710658005254,-2.8930599800633474,2.78922557196185
60,2.337451014979708,-0.48663183879895405,1.722849228518016,-2.3255291218233882,-3.3396451930569535,-1.2901799143695094,-0.3451848991841262,1.0126002688916294,-1.7416177935539103,4.88865469101453
61,1.3996892184653686,-1.7730096242334943,1.939006226784139,-0.7560281525011656,-1.9564145938548885,-1.8661086988152373,-1.1896946818566168,3.403470154224324,-1.3558972541902565,3.3391793146990083
62,1.4274431914979508,-3.115583052350707,3.230256820670297,2.033941995715913,0.24949267401289132,-2.3558981963528653,-1.6860319093927951,1.912182491675359,-1.0673448416315947,3.3973666932184208
63,0.5427503338326034,-0.14761437071756323,-0.7397887664522145,-1.9700172390846071,-3.0407616115568845,-1.395429860936955,-0.6399517056009989,1.0165745097743402,-4.8419363899975165,2.3270189605725635
64,2.772936065989085,-3.059045959307314,-0.06265360052735752,0.9496983124468981,-0.9761802877208521,-4.108194221189858,-1.2874628058010646,0.7071536782005722,-1.4217683629232591,2.154349706895937
65,2.552359977807791,-3.111197302384026,2.6096656750079825,-0.05357344064994518,-3.133869716412893,-1.807780528086251,-1.8601370181504178,2.921102248801537,-3.0157262153421525,0.9847129707050164
66,0.697405398435325,-1.4379697086748853,0.6628863841147562,-1.762801685769746,-1.9331397720052181,-3.3389672784517366,-1.3785714723410187,3.732191838306608,-3.7637680335548893,4.0817774994996
67,4.420585698192453,0.9212053883938784,0.8224592718784121,1.3376326160920147,-3.985443981977236,-2.212784524946111,0.730692989744492,0.38217283542696634,0.8937705056218876,3.460874366760573
68,0.39868311340690443,-1.3695469986207836,1.3261657880378857,-0.7267943940609347,-5.7991305891185,-0.11478267574636797,2.663382119496937,-0.44113176295842604,-1.174564831918661,3.964059704806741
69,0.6838853341531677,-0.39146408228129215,2.1538481905720315,0.12791297005173985,-1.2543360568334838,-3.3321787545219914,-0.8237959887013072,1.3229941276172863,1.3552792486737062,0.9998914097021343
70,2.5822840811347256,-0.10524722124971106,2.359217550733552,0.8875499010366817,-3.0866690069568943,-1.8447320924359885,1.6719260864465018,-0.8346951595781735,-0.6254372996145676,2.2688690147338892
71,1.1494720460876908,-2.5961134218446626,2.9629387994508534,1.4783837241431714,0.2768651168710357,-3.7101094179141927,-2.475049862501911,5.739790375726631,-1.7517604379519607,2.502895540075363
72,3.5085234651644384,-2.4993492368775336,0.233086422630618,-1.2346599914117666,-2.5010391515991763,-3.054237284833315,-0.9050878416977346,2.9863794982927554,-4.070714259020132,2.3467988860333104
73,0.0646485721748335,-1.3172358888684466,1.3780208440116866,0.6269920599975352,-2.4309997133277688,-1.3379033819883983,1.9179875627335055,1.0672847712314013,-0.3685892178500242,4.06385229741136
74,1.1810341893381024,-1.0855445192473254,2.5363619728870197,-0.037977550649231695,-2.7500326271849533,-1.4084814662812102,-1.6276036629126642,3.415871053896827,0.5304134903902096,2.293834963594646
75,0.6126664201489657,-1.6956245973639708,2.6173702590651757,0.5067122647301603,-1.387397078368796,-2.24398403522755,-0.8724441345197871,1.671975225557221,-3.024937764574246,3.513716088185425
76,3.1901767749348187,-1.1466865478785702,2.940469861238084,-0.8081546810107617,-1.8659480527139252,-4.095059232392947,0.2058289109601843,3.2372984491013765,-4.529243457676447,4.541541427302251
77,3.302649586794695,-2.5851663076832865,0.9825550882104217,1.2104828280142428,-2.4085150501027677,-2.616338762980698,1.573130489780703,3.3227925732745014,-0.9380111886595675,2.9513472291512626
78,1.028259426622939,-1.6302581714042563,1.5822758672606745,0.03435800586590443,-3.8690593239252555,-2.4383973208144996,1.4208424115278453,3.2384064138242508,-0.3096714181130348,2.528211844228732
79,1.8489757642467968,-2.1921122186326754,0.7473481739010424,-1.3507593703645842,-2.837464473862399,-1.021389455514309,-2.3038921090778053,1.8811041238111659,-2.6273500656256026,1.8942635205568932
80,2.2640330663193167,-2.3193163326029045,1.5713067813659665,-1.4862612707640963,-3.3281532288734956,-2.7804525656382455,-0.7810260440443481,4.601853550518634,-1.6467210843918259,0.39297600496500334
81,2.0451763925902235,-0.8976999918308394,2.382812622580635,0.418258613410717,-4.169603343193203,-1.5425084152881907,2.5464329921345494,2.52238209576437,-2.4952414905154434,3.721548373499213
82,1.3247134383206371,-4.221314970691836,-0.9345737263704863,0.7791378696679911,-3.5499583186227865,-1.605733691987113,2.491454328889177,1.128406231284816,-3.3747611601511407,1.5492174436799715
83,2.884227686392407,-2.9579094073445154,1.222934131238279,0.39936357356876995,1.4896177054655897,-3.0265453871146333,-0.02262572892986378,3.4285532595623947,-0.838335636896988,3.099288246267779
84,0.20071748876523376,-3.1918474838085715,0.8129984206616171,-1.3593514104094548,-4.143863821161371,-4.83179525453723,1.566040054337711,3.833187237004056,-2.959822381834809,0.7848478833311696
85,3.2803810402594324,-1.1695955547827197,0.6573062905662062,1.3504205888754734,-3.1852991303990734,-1.6527264604825183,1.6987733747930163,1.3411850608563503,-1.7496224510502563,1.81178662256482
86,0.8119862050911816,-0.17295892858348427,3.4031254914350564,-0.26556998908177176,-2.3061680119638233,-2.5342805474072843,-0.2150626248633547,1.1313827547237916,-1.6756898345257363,2.1170635450920927
87,1.5965651834247074,-0.2949748465213664,-0.7464568743533905,-1.7053677194418642,-4.458653534516553,0.19710521984486312,1.289593736636875,0.2986658480936498,-0.5439311047525772,2.134918396998621
88,4.942016941793468,-0.219335050514619,1.749687693604796,2.0247046837472373,-5.304625277186173,-3.2218495158892133,-0.7283005446495165,0.32956383135107603,-1.0351922507447424,-1.8868874453199282
89,0.5796512567560947,-1.7997622713544468,0.8402114710327739,-1.1158033063487918,-2.035248320188706,-0.5498957816041969,2.1700444502822935,1.48186229020668,-2.6022480539288555,2.8110904904553045
90,-1.137050648480266,-1.9508493788084693,2.2748804381007295,-0.7356299379688616,-1.3269045175677867,-1.5658285046110403,0.8964918924240283,0.1687916702769779,-1.8140879288552951,1.8112802727829669
91,4.504668572277376,-0.9030305991705716,2.007908042336892,0.6449592900920068,-3.2923262026809605,-0.623401478746735,0.4443397264148228,3.634988593714257,0.8751965408000605,0.5948408851956184
92,2.805699992763899,0.07628377290941485,-0.2741262556211512,-1.8260739969011706,-2.976594643258543,-1.6593075063336924,0.9036368154758067,2.2672155735577855,-2.6018354053990542,1.3429414215515507
93,-0.032023236418179,2.494517000723972,1.846091042463962,-1.694448687362898,-1.7374715844184385,0.6452741492849372,1.7003380452237709,2.6597245582363516,0.05736448400605673,3.90187159232916
94,2.821756756182664,-0.6699635101863131,-1.2575087901411905,-0.3033780876638534,-2.7414643240906593,-0.47320534272266035,0.7345604792903728,0.7857508017567166,-1.9125042237744765,3.181123383064258
95,0.41975691908940826,-0.9560339159131714,-0.7652794149627611,-0.011695476810948402,-3.437354441477288,-1.0244539564462691,0.5616457602659052,-1.1164152156842477,0.4561431943234556,1.3416957289584541
96,4.5086907908729215,-0.5697960452588198,2.4454004444026705,-3.0885366009667123,-3.1605049827576632,-2.7120833154373356,2.1177721348225,2.1805368973708754,-3.3264014368754684,0.7209048628660679
97,2.360210343606181,-3.5814711753909685,4.429332210730565,-0.8077249322939218,-2.1773834578491433,-1.8572826444366677,0.8531239007540375,-1.046143255585736,-1.2537697583306302,3.1716488904963507
98,3.262365756649009,-1.3625971504006094,-0.9097368791776177,-0.20142611121327247,-1.0725556048324703,-1.094866683308387,0.23823926755563202,3.9129767031612817,-1.00328475568943,2.2579679229515945
99,-0.26588615083408734,-0.6523251978430501,1.7026254909236966,1.9999538767695162,-2.111536494903565,-4.962813446153386,0.5143204414047216,3.134265081375553,-2.569871127659907,1.691510711103649
100,0.3958037592850063,-2.815876250341383,1.6096193558757983,-1.0465014747659982,-1.6096040920232415,-3.4649564209562866,-0.13427601147495227,1.8228733523893634,-1.8888512465838094,3.0272308978991918
